"","X","price","lot_size","waterfront","age","land_value","construction","air_cond","fuel","heat","sewer","living_area","fireplaces","bathrooms","rooms"
"1",1,132500,0.09,0,42,50000,0,0,3,4,2,906,1,1,5
"2",2,181115,0.92,0,0,22300,0,0,2,3,2,1953,0,2.5,6
"3",3,109000,0.19,0,133,7300,0,0,2,3,3,1944,1,1,8
"4",4,155000,0.41,0,13,18700,0,0,2,2,2,1944,1,1.5,5
"5",5,86060,0.11,0,0,15000,1,1,2,2,3,840,0,1,3
"6",6,120000,0.68,0,31,14000,0,0,2,2,2,1152,1,1,8
"7",7,153000,0.4,0,33,23300,0,0,4,3,2,2752,1,1.5,8
"8",8,170000,1.21,0,23,14600,0,0,4,2,2,1662,1,1.5,9
"9",9,90000,0.83,0,36,22200,0,0,3,4,2,1632,0,1.5,8
"10",10,122900,1.94,0,4,21200,0,0,2,2,1,1416,0,1.5,6
"11",11,325000,2.29,0,123,12600,0,0,4,2,2,2894,0,1,12
"12",12,120000,0.92,0,1,22300,0,0,2,2,2,1624,0,2,6
"13",13,85860,8.97,0,13,4800,0,0,3,4,2,704,0,1,4
"14",14,97000,0.11,0,153,3100,0,0,2,3,3,1383,0,2,5
"15",15,127000,0.14,0,9,300,0,0,4,2,2,1300,0,1.5,8
"16",16,89900,0,0,88,2500,0,0,2,3,3,936,0,1,4
"17",17,155000,0.13,0,9,300,0,0,4,2,2,1300,0,1.5,7
"18",18,253750,2,0,0,49800,0,1,2,2,1,2816,1,2.5,12
"19",19,60000,0.21,0,82,8500,0,0,4,3,2,924,0,1,6
"20",20,87500,0.88,0,17,19400,0,0,4,2,2,1092,0,1,6
"21",21,112000,1,0,12,8600,0,0,3,4,2,1056,0,1,7
"22",22,104900,0.43,0,21,5600,0,0,3,4,3,1600,0,1.5,4
"23",23,148635,0.32,0,1,6200,1,1,2,2,2,1576,0,2.5,7
"24",24,150000,0.03,0,24,5100,0,0,4,2,2,2080,0,2,6
"25",25,90400,0.36,0,16,5200,0,0,3,4,3,1600,0,1.5,4
"26",26,248800,4,0,28,5500,0,0,4,2,2,2224,0,3,10
"27",27,135000,1.83,0,126,6000,0,0,4,3,2,1656,0,1,6
"28",28,145000,3,0,26,4500,0,0,4,2,2,1170,0,1.5,5
"29",29,457000,0.43,1,53,2700,0,0,4,2,3,2461,1,2,10
"30",30,140000,0.44,0,56,19400,0,1,4,2,2,1544,1,1.5,7
"31",31,130000,1.24,0,51,24800,0,0,4,3,2,1220,2,1,4
"32",32,187000,0.46,0,3,15200,0,0,2,2,2,1858,1,2.5,7
"33",33,229000,0.87,0,9,41100,0,0,2,2,3,2219,1,2,8
"34",34,227000,1.8,0,201,25500,0,0,4,2,2,1876,0,2.5,5
"35",35,179900,0.46,0,1,15200,0,0,2,2,2,2026,1,2.5,6
"36",36,169900,0.91,0,19,20200,0,1,2,2,2,1671,1,3,8
"37",37,209900,0.46,0,1,15200,0,0,2,2,1,2060,1,2.5,7
"38",38,169900,0.59,0,0,17300,0,0,2,2,2,1884,1,2.5,9
"39",39,293000,7.24,0,43,36600,0,0,2,3,2,2022,2,3,6
"40",40,245900,0.19,0,0,20700,0,1,2,2,1,2394,1,2.5,7
"41",41,157000,0.46,0,45,20200,0,0,2,2,2,1390,1,1.5,6
"42",42,195000,0.41,0,32,27100,0,1,2,2,2,1954,0,2.5,8
"43",43,150000,0.78,0,54,24500,0,1,4,2,2,1554,1,1.5,5
"44",44,234900,0.89,0,9,41600,0,1,2,2,3,1976,0,2.5,6
"45",45,279550,1.34,0,0,44400,0,0,2,2,2,2479,1,2.5,10
"46",46,246500,1,0,0,17100,0,0,2,2,1,2714,1,2.5,9
"47",47,124000,1,0,98,15500,0,0,4,2,2,797,0,1,3
"48",48,138000,0.27,0,54,8900,0,0,2,3,2,1500,0,2.5,7
"49",49,290000,0.71,1,73,61000,0,0,4,2,2,1838,0,2,8
"50",50,108000,0.9,0,48,19000,0,0,2,2,2,1042,1,2,3
"51",51,134900,0.24,0,10,8000,0,1,2,2,3,1782,0,2.5,6
"52",52,64500,0.06,0,16,1600,0,0,2,2,3,1480,1,2.5,5
"53",53,142000,0.55,0,20,13800,0,0,2,2,2,1426,1,2,6
"54",54,125000,0.34,0,32,11100,0,0,2,2,2,1404,0,2,5
"55",55,88000,0.19,0,15,3400,0,1,2,3,3,1480,1,1.5,5
"56",56,135000,0.23,0,135,8100,0,0,2,3,3,1344,0,1,5
"57",57,90000,0.07,0,14,1800,0,1,2,2,3,1480,1,2.5,5
"58",58,90100,0.09,0,15,2400,0,0,2,3,3,1480,1,1.5,7
"59",59,126900,0.25,0,10,8400,0,0,2,2,3,1596,0,2.5,6
"60",60,175000,0.47,0,15,27200,0,0,3,4,2,1768,1,2,5
"61",61,158000,0.36,0,10,12100,0,1,2,2,3,1348,1,2,3
"62",62,92000,0.07,0,14,1800,0,0,2,2,3,1480,1,1.5,8
"63",63,82800,0.11,0,225,3900,0,0,2,2,3,1483,0,1,7
"64",64,140000,0.23,0,25,8300,0,1,2,2,3,1576,1,1.5,5
"65",65,171000,3.16,0,15,24100,0,0,3,4,2,1008,0,1,7
"66",66,200640,0.08,0,0,32000,1,0,2,2,3,2332,0,2.5,9
"67",67,139000,0.57,0,30,7500,0,0,4,2,2,1064,1,1,5
"68",68,225000,0.5,0,12,15300,0,1,2,2,3,2428,1,2.5,11
"69",69,182000,1,0,16,26600,0,0,3,4,2,1310,1,2,7
"70",70,208767,0.5,0,0,32000,1,1,2,2,3,1662,0,2,7
"71",71,186000,0.55,0,0,4400,1,0,2,2,3,2000,0,2.5,7
"72",72,93000,0.1,0,14,2600,0,0,2,2,3,1480,1,1.5,6
"73",73,257386,0.5,0,0,32000,1,1,2,2,3,2969,1,4,10
"74",74,161000,0.31,0,10,10400,0,1,2,2,3,1542,0,2.5,5
"75",75,92000,0.28,0,18,6300,0,0,4,2,2,1527,0,2,7
"76",76,211002,0.06,0,0,32000,1,0,2,2,3,2195,0,2.5,8
"77",77,115000,0.06,0,14,1600,0,0,2,2,3,1480,1,1.5,6
"78",78,113000,0.46,0,53,9200,0,1,4,3,2,1452,0,2,7
"79",79,216300,0.1,0,0,32000,1,0,2,2,3,2360,0,2.5,10
"80",80,145000,2.12,0,32,19000,0,0,4,2,2,1440,1,1,8
"81",81,114000,0.06,0,14,1600,0,0,3,2,3,1480,1,2.5,5
"82",82,139050,0.21,0,125,7300,0,0,2,2,3,1879,0,2.5,6
"83",83,104000,0.06,0,14,1600,0,0,2,2,3,1480,0,1.5,6
"84",84,169900,0.26,0,11,8700,0,0,2,2,3,1792,0,2.5,8
"85",85,177900,0.29,0,2,25000,0,0,2,2,2,1386,0,2.5,5
"86",86,133000,1.29,0,14,10300,0,1,3,2,2,1676,1,2,3
"87",87,185000,1,0,0,4000,0,0,2,2,2,768,0,2,9
"88",88,115000,0.88,0,16,10000,0,1,3,4,2,1560,1,1.5,8
"89",89,100000,0.52,0,91,5000,0,0,4,2,2,1000,0,1,6
"90",90,117000,0.07,0,15,18900,0,0,3,4,2,1676,1,1.5,9
"91",91,150000,0.32,0,11,19400,0,0,3,4,1,1656,0,1.5,6
"92",92,187500,0.92,0,11,20600,0,0,3,4,2,2300,1,1.5,7
"93",93,107000,0.46,0,25,18700,0,0,2,2,2,1712,1,1,6
"94",94,126900,0.46,0,26,18700,0,0,2,2,2,1350,0,1.5,5
"95",95,147000,0.11,0,15,18900,0,0,2,2,2,1676,1,2.5,6
"96",96,62000,0.4,0,103,10500,0,0,2,3,2,1317,0,1.5,7
"97",97,101000,0.87,0,30,8700,0,0,2,2,2,1056,1,2,8
"98",98,143500,0.59,0,13,19900,0,0,2,2,2,912,0,1,7
"99",99,113400,0.93,0,18,4500,0,0,3,4,2,1232,0,2,3
"100",100,76320,0.15,0,68,2000,0,0,2,2,3,1380,1,1,5
"101",101,110000,0.59,0,10,3100,0,1,2,2,2,936,0,1,6
"102",102,88000,0.33,0,49,3400,0,0,2,2,2,720,0,1,4
"103",103,108000,0.32,0,30,6500,0,0,4,3,2,1628,1,1.5,4
"104",104,114900,0.46,0,41,5000,0,0,2,2,2,1144,0,1.5,6
"105",105,146000,0.48,0,2,3000,0,0,2,2,2,1827,0,2.5,9
"106",106,225000,2.37,0,8,3300,0,0,4,3,2,1784,1,2,6
"107",107,138000,0.83,0,16,3700,0,1,2,2,2,1851,1,2.5,8
"108",108,218070,1,0,0,3500,1,0,2,3,2,2194,0,2.5,8
"109",109,25000,0.21,0,75,900,0,0,4,2,2,920,0,1,6
"110",110,112000,0.27,0,36,3800,0,0,2,3,3,1280,0,1,5
"111",111,112500,0.72,0,43,4600,0,0,3,4,2,1232,1,1,5
"112",112,97000,0.36,0,45,3600,0,0,2,3,2,1406,0,1.5,6
"113",113,121000,0.52,0,6,2500,0,0,2,2,2,1164,0,2,5
"114",114,65720,0.19,0,123,2100,0,0,2,3,3,1198,0,1,5
"115",115,225000,0.38,0,10,6600,0,1,2,2,2,2206,1,2.5,8
"116",116,192000,0.82,0,0,5000,1,1,2,2,2,1880,1,2.5,9
"117",117,158500,0.69,0,6,3400,0,0,4,2,2,1368,0,1.5,8
"118",118,247000,0.51,0,16,6000,0,1,2,2,2,1901,1,2.5,5
"119",119,193777,0.72,0,11,3200,0,0,2,2,2,1547,0,2,8
"120",120,136500,0.62,0,12,5400,0,0,2,2,2,896,0,2,5
"121",121,75000,1,0,45,8000,0,0,2,2,2,1008,0,1,7
"122",122,45000,0.52,0,75,3900,0,0,2,2,2,912,0,1,4
"123",123,243000,0.82,0,12,3700,0,0,2,2,2,2443,0,2.5,6
"124",124,90000,0.29,0,83,3900,0,0,2,2,3,900,0,1,7
"125",125,158000,0.52,0,0,4400,1,1,2,2,2,2098,0,2,7
"126",126,174000,0.64,0,9,3000,0,0,2,3,2,2115,1,2.5,7
"127",127,150000,0.52,0,12,4500,0,0,2,2,2,1344,1,2,7
"128",128,159650,1,0,3,5200,0,0,2,2,2,1106,0,1,8
"129",129,139062,0.69,0,33,6500,0,0,2,3,2,1440,2,2,6
"130",130,84950,0.13,0,0,15000,1,0,2,2,3,840,0,1,3
"131",131,102000,0.22,0,10,7300,0,0,2,2,3,1170,0,1,6
"132",132,175000,0.46,0,15,23400,0,0,4,2,2,1664,0,1,5
"133",133,78500,1,0,153,27300,0,0,4,2,2,3024,0,1,12
"134",134,232478,1,0,0,15900,0,0,2,2,1,2598,1,2.5,9
"135",135,93805,0.13,0,0,15000,1,0,2,2,3,840,0,1.5,7
"136",136,119900,1.03,0,63,41500,0,0,4,3,2,1701,0,1,10
"137",137,146000,1.17,0,33,41800,0,0,4,2,2,1456,1,1.5,6
"138",138,125000,0.34,0,44,19000,0,0,4,2,2,1224,0,1,4
"139",139,135000,0.38,0,48,21300,0,0,2,2,2,1411,1,1,5
"140",140,157500,1.96,0,29,39700,0,0,4,2,2,1608,1,1.5,5
"141",141,135000,3,0,178,44500,0,0,4,3,2,3020,0,2.5,12
"142",142,142900,0.33,0,32,22500,0,0,2,3,3,1898,1,1.5,7
"143",143,259900,0.46,0,1,36600,1,1,2,2,3,2544,1,2.5,9
"144",144,85000,0.29,0,16,22100,0,0,3,4,3,1038,0,1,7
"145",145,180377,0.35,0,1,37000,1,0,2,2,3,1820,1,2.5,6
"146",146,163500,0.28,0,21,28400,0,1,3,4,3,2202,1,2,10
"147",147,106500,0.52,0,53,20300,0,0,4,2,2,2387,0,1,6
"148",148,115000,0.11,0,16,20700,0,1,3,4,3,1368,1,1.5,3
"149",149,115000,0.14,0,16,21000,0,1,3,4,3,1480,1,2,5
"150",150,135000,0.14,0,15,19600,0,1,3,4,3,1348,1,1.5,5
"151",151,198900,0.47,0,7,25500,0,1,2,2,3,1889,1,2.5,8
"152",152,139000,0.14,0,16,19600,0,1,3,4,3,1343,1,1.5,6
"153",153,206000,0.51,0,15,39600,0,1,2,2,3,2011,1,2.5,7
"154",154,120000,0.21,0,15,28800,0,1,2,2,3,1180,1,1.5,3
"155",155,205980,0.14,0,1,45200,1,1,2,2,3,1983,1,2.5,5
"156",156,275000,0.55,0,14,72000,0,1,2,2,3,2253,1,2.5,7
"157",157,139000,0.07,0,12,24500,0,1,2,2,3,1604,0,1.5,4
"158",158,89900,0.49,0,83,11900,0,0,2,2,2,1196,0,1,6
"159",159,139900,0.07,0,13,24500,0,1,2,2,3,1602,0,2.5,7
"160",160,172750,0.36,0,1,37100,1,0,2,2,3,1747,0,2.5,5
"161",161,136000,0.5,0,37,19800,0,0,4,3,2,1092,0,1,5
"162",162,270000,0.48,0,10,37800,0,1,2,2,3,2410,1,2.5,11
"163",163,174000,0.29,0,14,31100,0,1,2,2,3,1933,1,2.5,6
"164",164,379000,0.68,0,9,57200,0,1,2,2,3,3080,1,2.5,12
"165",165,382500,4.08,0,13,75500,0,1,4,2,2,4534,2,2.5,12
"166",166,144900,0.1,0,14,26000,0,1,2,2,3,1677,1,2.5,5
"167",167,349900,0.62,0,7,57800,0,1,2,2,3,2900,1,2.5,11
"168",168,133000,0.07,0,16,20300,0,1,3,4,3,1392,1,1.5,5
"169",169,115000,0.16,0,15,22400,0,0,2,2,3,1058,1,1.5,7
"170",170,211950,0.36,0,1,29200,1,1,2,2,3,2342,1,2.5,8
"171",171,227812,0.01,0,0,37200,1,1,2,2,3,2206,1,2.5,10
"172",172,164400,0.34,0,1,36200,1,1,2,2,3,1516,1,2,5
"173",173,340000,0.75,0,12,82500,0,1,2,2,3,2836,1,2.5,10
"174",174,139900,0.29,0,15,35200,0,1,2,2,3,1256,0,1.5,7
"175",175,279900,0.47,0,6,20000,0,1,2,2,3,2340,1,3.5,10
"176",176,225000,0.32,0,0,53900,1,1,2,2,3,2129,1,2.5,9
"177",177,144500,0.12,0,15,16800,0,1,2,2,3,1343,1,2.5,4
"178",178,362710,1,0,0,24300,1,1,2,2,2,2963,1,2.5,10
"179",179,247000,0.46,0,13,36600,0,1,2,2,3,2114,1,3.5,8
"180",180,120000,0.18,0,16,21400,0,1,3,4,3,1144,1,1,7
"181",181,136000,0.55,0,33,14900,0,0,4,2,2,988,1,1,7
"182",182,228500,0.46,0,9,45800,0,0,2,2,3,1475,0,2,4
"183",183,162800,0.15,0,10,28500,0,0,2,2,3,1247,0,1.5,7
"184",184,230000,0.93,0,48,23500,0,0,2,3,2,1912,1,2,10
"185",185,115800,0.46,0,23,19700,0,0,4,2,2,1440,0,1.5,5
"186",186,175000,0.26,0,16,30100,0,1,2,2,3,1596,1,2,6
"187",187,263008,0.63,0,0,24400,1,1,2,2,3,2665,1,2.5,11
"188",188,146000,0.5,0,35,28000,0,0,2,3,2,1984,0,1.5,8
"189",189,204900,0.03,0,10,35800,0,1,2,2,3,1616,0,2,6
"190",190,265000,0.17,0,9,40500,0,0,2,2,3,1917,1,2.5,5
"191",191,167500,0.64,0,37,16400,0,0,4,3,2,2592,1,1.5,9
"192",192,205000,0.47,0,6,25500,0,0,2,2,3,1845,1,2.5,9
"193",193,170000,0.92,0,53,29000,0,1,4,2,2,1360,0,1,9
"194",194,176000,0.41,0,35,26200,0,1,2,2,3,1664,1,1.5,6
"195",195,132000,0.16,0,15,22400,0,1,2,2,3,1098,1,1.5,3
"196",196,115500,0.01,0,17,9900,0,0,3,4,3,1214,0,1.5,4
"197",197,150000,0.29,0,93,9200,0,0,3,4,2,1046,0,1,6
"198",198,120000,0.36,0,103,32200,0,0,4,2,2,1144,0,1,8
"199",199,125000,0.28,0,16,22000,0,1,2,2,3,1140,1,2,6
"200",200,150000,0.15,0,14,21000,0,0,2,2,3,1232,1,1.5,5
"201",201,362360,0.59,0,0,153800,1,1,2,2,3,3020,1,2.5,9
"202",202,133500,0.36,0,19,27000,0,0,2,2,3,1508,1,2,6
"203",203,91000,0.16,0,19,15700,0,0,3,4,3,912,1,1.5,5
"204",204,104000,0.34,0,18,27000,0,0,3,4,3,1508,0,1.5,4
"205",205,148000,0.33,0,17,27000,0,0,2,2,3,1561,1,1.5,6
"206",206,182000,0.56,0,30,26400,0,0,2,3,3,2625,1,2.5,8
"207",207,152500,0.48,0,30,19600,0,0,2,3,3,936,1,1,7
"208",208,97000,0.16,0,19,15700,0,0,3,4,3,912,0,1.5,3
"209",209,113000,0.17,0,16,15100,0,0,3,4,3,1492,0,2.5,8
"210",210,172000,0.46,0,30,26300,0,0,2,3,3,1599,1,2.5,5
"211",211,179900,0.81,0,25,25000,0,0,3,4,2,2304,1,2.5,9
"212",212,84000,0.15,0,19,15700,0,0,3,4,3,912,0,1.5,7
"213",213,117900,0.15,0,17,15100,0,1,2,2,3,1385,1,1.5,7
"214",214,177000,0.32,0,17,27000,0,0,3,4,3,1561,0,1.5,8
"215",215,107500,0.16,0,20,15700,0,0,2,3,3,884,0,2,3
"216",216,92500,0.15,0,18,15700,0,0,3,4,3,912,0,2,4
"217",217,102900,0.15,0,17,15700,0,0,2,4,3,912,0,1.5,3
"218",218,134800,0.48,0,73,20500,0,0,4,2,2,1384,0,2,5
"219",219,150000,0.77,0,7,30000,0,0,2,2,3,1334,0,1.5,4
"220",220,165000,0.42,0,10,26200,0,1,2,2,2,1433,1,2,5
"221",221,120000,0.17,0,16,15100,0,0,3,4,3,1492,1,2.5,6
"222",222,177500,0.32,0,16,27000,0,1,2,2,3,1561,1,1.5,9
"223",223,300000,0.09,1,11,32000,0,0,3,4,3,936,0,1,3
"224",224,123500,0.16,0,16,15100,0,0,3,4,3,1492,1,2.5,8
"225",225,141000,0.16,0,18,15100,0,0,3,4,3,1853,0,2.5,7
"226",226,105400,0.15,0,15,15100,0,0,3,4,3,1240,0,1.5,7
"227",227,100600,0.17,0,19,15800,0,0,3,4,3,912,0,1.5,6
"228",228,108900,0.17,0,19,15800,0,0,2,2,3,912,0,1.5,3
"229",229,105500,0.16,0,19,15700,0,0,2,3,3,912,0,1.5,6
"230",230,109900,0.16,0,19,15100,0,0,2,3,3,1184,0,1.5,8
"231",231,172700,0.34,0,18,27000,0,0,3,4,3,1638,1,2,6
"232",232,166500,0.31,0,16,27000,0,0,3,4,3,1508,1,2,6
"233",233,105000,0.4,0,50,18000,0,0,3,4,3,672,0,1,5
"234",234,490000,0.34,1,18,79700,0,0,4,2,3,1346,1,2,6
"235",235,120000,0.16,0,18,15100,0,0,3,4,3,1184,0,2,5
"236",236,107500,0.15,0,16,15700,0,0,2,2,3,912,0,1.5,4
"237",237,116600,0.15,0,18,15700,0,0,3,4,3,912,1,1.5,5
"238",238,65000,0.16,0,19,15700,0,0,2,2,3,988,0,2,4
"239",239,118000,0.16,0,19,15100,0,0,2,2,3,1184,0,2,6
"240",240,115900,0.15,0,16,15100,0,0,3,4,3,1385,0,1.5,4
"241",241,100000,0.15,0,18,15700,0,0,2,3,3,912,0,1.5,3
"242",242,171000,0.37,0,18,27000,0,1,2,2,3,1548,1,2,5
"243",243,188000,0.31,0,17,27000,0,0,3,4,3,1561,0,1.5,9
"244",244,140000,1,0,24,21000,0,1,2,2,2,1008,0,1,3
"245",245,124500,0.15,0,17,15200,0,0,3,4,3,1385,0,1.5,4
"246",246,107200,0.16,0,19,15700,0,0,2,2,3,908,0,1,6
"247",247,107500,0.24,0,138,1400,0,0,4,3,3,2246,0,1.5,9
"248",248,180000,2.06,0,16,5900,0,0,2,2,2,1820,1,2.5,5
"249",249,214325,0.42,0,0,13000,1,1,2,2,3,2554,1,2.5,9
"250",250,128850,0.92,0,16,5500,0,0,3,4,2,824,0,1.5,5
"251",251,208700,0.4,0,0,15000,0,0,2,2,3,2458,1,2.5,9
"252",252,139900,0.36,0,22,10500,0,0,3,4,3,1324,0,1,4
"253",253,350000,5.84,0,12,20000,0,1,2,2,3,2916,1,2.5,9
"254",254,108000,0.16,0,19,15100,0,0,3,4,3,1032,0,1.5,4
"255",255,115500,0.15,0,16,15700,0,0,3,4,3,912,1,1.5,4
"256",256,135000,0.98,0,35,19600,0,0,3,4,2,1320,0,1,3
"257",257,135000,0.33,0,17,27000,0,0,2,2,3,1508,1,1.5,8
"258",258,107400,0.16,0,16,15700,0,0,3,4,3,912,1,1.5,7
"259",259,233000,0.09,0,12,31200,0,1,2,2,2,2040,1,2.5,7
"260",260,105000,0.16,0,17,15700,0,0,3,4,3,912,1,1.5,5
"261",261,335000,3,0,10,53600,0,1,4,2,3,1776,0,2,6
"262",262,139000,0.58,0,25,25000,0,0,3,4,3,1304,0,2,8
"263",263,209500,0.42,0,10,26200,0,1,2,2,2,1836,1,2.5,8
"264",264,101000,0.17,0,18,15800,0,0,3,4,3,912,0,2,3
"265",265,77500,0.16,0,19,15700,0,0,3,4,3,912,0,1.5,6
"266",266,150500,0.31,0,16,27000,0,0,3,4,3,1527,1,2,7
"267",267,167000,0.99,0,17,5700,0,0,3,4,2,1454,0,1.5,7
"268",268,114000,0.26,0,26,4600,0,0,4,3,3,1700,1,1.5,4
"269",269,160000,0.45,0,27,7000,0,0,3,4,3,1680,0,1,9
"270",270,85000,0.49,0,0,13000,0,1,2,2,3,2401,1,2.5,10
"271",271,143000,0.35,0,21,11000,0,0,3,4,3,1176,0,1,7
"272",272,126000,0.4,0,24,9800,0,0,3,4,3,1344,1,1.5,7
"273",273,140000,0.48,0,23,10400,0,0,3,4,3,1344,0,1.5,8
"274",274,140000,0.35,0,9,13000,0,0,2,3,2,1714,0,2.5,8
"275",275,205000,0.25,0,20,29000,0,0,2,2,3,1992,1,3,9
"276",276,79900,0.12,0,19,18200,0,1,2,2,3,924,0,1,7
"277",277,139000,0.09,0,24,17600,0,1,2,2,3,1290,1,1.5,3
"278",278,190000,0.46,0,36,27400,0,0,2,3,3,2521,1,2.5,10
"279",279,151500,0.71,0,58,22700,0,0,4,3,3,1377,1,1.5,7
"280",280,97500,0.06,0,19,16400,0,1,2,2,3,1237,1,1.5,6
"281",281,194500,0.61,0,41,32300,0,1,2,3,3,2310,1,2.5,7
"282",282,195160,0.32,0,0,35000,0,0,2,2,3,1863,1,2.5,9
"283",283,152500,0.37,0,26,37500,0,1,2,2,3,1693,1,1.5,8
"284",284,159500,0.29,0,26,31400,0,1,2,2,3,1684,1,2.5,4
"285",285,185000,0.95,0,16,40900,0,1,3,4,3,1585,1,1.5,4
"286",286,240000,0.67,0,8,72400,0,1,2,2,3,2290,1,3,9
"287",287,187900,0.4,0,32,30000,0,1,2,2,3,2464,1,2.5,9
"288",288,262000,0.29,0,5,29000,0,1,2,2,3,2549,1,2.5,12
"289",289,212500,0.35,0,6,36500,0,1,2,2,3,2316,1,2.5,7
"290",290,220000,0.37,0,18,43000,0,1,2,2,2,2600,1,2.5,8
"291",291,245000,0.53,0,15,65800,0,1,2,2,3,2677,1,2.5,10
"292",292,120000,0.06,0,19,16400,0,1,3,4,3,1479,0,1.5,4
"293",293,102500,0.15,0,16,18500,0,1,3,4,3,1138,0,1,7
"294",294,136000,0.27,0,24,18900,0,0,2,3,3,1576,0,2.5,4
"295",295,212500,0.43,0,10,52200,0,1,2,2,3,2084,1,2.5,9
"296",296,205900,0.06,0,26,35900,0,1,2,2,3,1726,1,2,8
"297",297,259900,1,0,2,49900,0,1,2,2,2,1851,2,2,4
"298",298,191500,0.46,0,30,27400,0,0,2,2,3,2310,1,2.5,12
"299",299,272500,0.03,0,0,56800,0,0,2,2,3,2930,1,2.5,12
"300",300,191500,0.88,0,33,35900,0,0,2,3,3,2576,1,2.5,10
"301",301,158000,0.55,0,36,30500,0,0,2,3,3,1664,1,2,8
"302",302,195000,1,0,24,46000,0,0,3,4,2,1237,0,1.5,3
"303",303,187500,0.43,0,29,31400,0,1,2,2,3,2662,1,2.5,9
"304",304,160000,0.45,0,35,32300,0,0,2,2,3,1575,1,1.5,7
"305",305,137500,0.1,0,12,18000,0,1,2,2,3,1566,0,1.5,7
"306",306,109900,0.09,0,16,17600,0,1,2,2,3,1326,1,1.5,4
"307",307,85000,0.09,0,18,17600,0,0,2,3,3,1480,0,1.5,8
"308",308,184350,0.59,0,0,38400,0,0,2,2,3,2161,1,2.5,11
"309",309,134500,0.16,0,10,18600,0,1,2,2,3,1352,1,1.5,3
"310",310,154900,0.51,0,33,34600,0,1,2,2,3,1648,0,1.5,8
"311",311,255000,0.46,0,25,60500,0,1,2,2,3,2936,1,3.5,12
"312",312,238600,0.46,0,1,36400,0,0,2,2,3,2404,1,2.5,10
"313",313,106000,0.42,0,36,30900,0,0,2,2,3,1738,0,1.5,9
"314",314,625000,0.45,0,14,119500,0,1,2,2,3,5228,4,4,12
"315",315,195000,0.55,0,34,30500,0,0,2,3,3,2576,1,2.5,12
"316",316,168500,0.44,0,34,31800,0,0,2,2,3,1586,1,1.5,7
"317",317,87000,0.06,0,19,16400,0,0,3,4,3,1480,0,1.5,5
"318",318,215000,0.5,0,15,37000,0,0,2,2,3,1917,1,2.5,7
"319",319,197500,0.3,0,30,24500,0,1,2,2,3,1938,1,1.5,9
"320",320,215000,0.33,0,3,11600,0,1,2,2,3,2110,1,2.5,8
"321",321,118000,0.14,0,19,18400,0,0,2,2,3,1479,0,1.5,5
"322",322,187900,0.69,0,34,34700,0,0,2,3,3,2576,1,2.5,9
"323",323,275000,0.38,0,18,60800,0,1,2,2,3,2445,2,2.5,9
"324",324,249900,0.74,0,14,73800,0,1,2,2,3,2185,1,2.5,7
"325",325,270000,0.38,0,18,82800,0,1,3,2,2,2078,1,2.5,8
"326",326,157900,0.38,0,37,29100,0,0,2,2,3,1674,1,1.5,5
"327",327,120000,0.29,0,19,20300,0,0,3,4,3,1228,0,1.5,9
"328",328,126400,0.28,0,22,19500,0,1,3,4,3,1375,1,1.5,7
"329",329,220000,0.54,0,16,30200,0,1,2,2,3,1650,1,2,5
"330",330,180000,0.26,0,31,21900,0,1,2,2,3,1718,1,1.5,9
"331",331,203600,0.59,0,33,31700,0,0,2,3,3,2576,1,2.5,9
"332",332,249900,0.37,0,4,37500,0,0,2,2,3,2280,1,2.5,7
"333",333,193000,0.4,0,18,25000,0,0,2,3,3,2088,1,2.5,10
"334",334,215000,0.5,0,15,37000,0,0,2,2,3,1917,1,2.5,9
"335",335,201000,0.54,0,29,30200,0,0,2,3,3,3140,1,3.5,10
"336",336,65000,0.22,0,73,6900,0,0,2,2,2,1029,0,1,4
"337",337,195000,0.35,0,36,39800,0,1,2,2,3,1896,1,2.5,7
"338",338,215900,0.52,0,38,29600,0,0,2,3,3,2310,1,2.5,9
"339",339,92000,0.31,0,17,19600,0,0,3,4,3,924,1,1,6
"340",340,155000,0.38,0,25,38000,0,1,2,4,3,2080,1,2.5,9
"341",341,123500,0.08,0,22,17200,0,1,3,4,3,1237,1,1.5,4
"342",342,110400,0.1,0,29,18000,0,1,2,2,3,1287,0,1.5,5
"343",343,198900,0.44,0,18,33200,0,0,2,3,3,1847,1,2.5,7
"344",344,150000,0.26,0,49,41900,0,1,2,2,2,1064,0,1,8
"345",345,104000,0.07,0,18,16800,0,1,2,2,3,1480,1,1.5,4
"346",346,245000,0.48,0,23,48500,0,1,2,2,3,2462,2,3.5,8
"347",347,180000,0.41,0,17,25400,0,0,2,3,3,2228,1,2.5,7
"348",348,154300,0.42,0,61,14700,0,0,2,3,2,1260,0,1,8
"349",349,170000,0.45,0,30,30000,0,0,2,2,3,1559,1,2.5,5
"350",350,219000,0.6,0,25,71000,0,1,2,2,3,1980,1,2.5,10
"351",351,295000,0.95,0,9,78000,0,0,2,2,2,2380,1,2.5,6
"352",352,181500,0.56,0,27,30800,0,0,2,3,3,1887,1,2.5,8
"353",353,260000,1.25,0,133,43500,0,0,2,3,2,2185,1,1.5,11
"354",354,239900,0.7,0,15,69400,0,1,3,4,3,2488,1,2.5,7
"355",355,135500,0.67,0,56,21100,0,0,2,2,2,1152,0,2,3
"356",356,191500,0.66,0,15,32100,0,0,2,3,3,2025,1,2.5,9
"357",357,225000,0.62,0,37,32600,0,0,2,3,3,2521,1,2.5,12
"358",358,98500,0.08,0,18,17200,0,1,2,2,3,1480,0,1.5,4
"359",359,110500,0.08,0,17,17200,0,1,2,2,3,1480,1,1.5,5
"360",360,290000,0.51,0,7,39100,0,0,2,2,3,2362,1,2.5,8
"361",361,184400,0.28,0,31,23200,0,1,2,2,3,1910,1,1.5,7
"362",362,178500,1,0,12,32000,0,0,4,2,2,1952,2,2,9
"363",363,415000,0.58,0,9,86400,0,1,2,2,3,3358,1,3.5,12
"364",364,244900,0.43,0,26,39000,0,1,2,2,3,2090,1,2.5,7
"365",365,150000,0.55,0,35,33000,0,1,2,2,3,1965,1,2,11
"366",366,168000,0.49,0,33,34100,0,1,2,2,3,2110,1,1.5,9
"367",367,159000,0.39,0,43,29600,0,0,2,2,2,1456,0,2.5,9
"368",368,127000,0.06,0,18,16400,0,0,2,2,3,1479,0,1.5,7
"369",369,175000,0.46,0,29,27400,0,0,2,3,3,1874,1,2.5,7
"370",370,255250,0.5,0,0,17500,0,0,2,2,3,2099,1,2.5,8
"371",371,175000,0.6,0,33,32000,0,0,2,3,3,1872,1,2.5,8
"372",372,235000,0.41,0,17,44300,0,1,3,4,3,2388,1,2.5,11
"373",373,324000,0.53,0,18,65800,0,1,2,2,3,2812,1,2.5,12
"374",374,173000,0.21,0,11,19100,0,0,2,2,3,1064,1,2,4
"375",375,116900,0.06,0,20,16400,0,1,2,2,3,1375,0,1.5,7
"376",376,105900,0.09,0,19,17600,0,0,3,2,3,1480,0,1.5,5
"377",377,112000,0.13,0,25,18300,0,1,2,2,3,1260,1,1.5,5
"378",378,235000,0.72,0,15,40300,0,1,2,2,3,2086,1,2.5,5
"379",379,235000,1,0,9,43900,0,0,4,2,2,2588,1,2.5,12
"380",380,130000,0.18,0,18,18800,0,0,3,4,3,1480,0,1.5,4
"381",381,235000,0.74,0,10,35700,0,0,2,2,3,1752,1,2.5,7
"382",382,191900,0.48,0,32,28200,0,0,2,3,3,2660,1,2.5,11
"383",383,284900,0.58,0,20,69500,0,1,2,2,3,2417,1,2.5,9
"384",384,335000,0.01,0,21,79100,0,1,2,2,3,2793,1,2.5,7
"385",385,140000,1,0,78,21200,0,0,4,3,2,1152,0,1,6
"386",386,191000,0.41,0,29,25400,0,0,2,3,3,2344,1,2.5,9
"387",387,153000,0.51,0,33,34600,0,1,2,2,3,1926,1,1.5,6
"388",388,196000,0.55,0,35,34800,0,1,2,2,3,2208,1,2.5,9
"389",389,248000,0.46,0,16,60500,0,1,2,2,3,2208,1,2.5,7
"390",390,240000,0.6,0,35,32000,0,0,2,3,3,2708,2,2.5,12
"391",391,132000,0.19,0,18,18900,0,1,2,2,3,1142,0,1.5,6
"392",392,199000,1.42,0,32,48300,0,1,2,2,2,2529,1,2,7
"393",393,217000,0.69,0,20,35500,0,0,3,4,2,1797,0,2,9
"394",394,167000,0.51,0,31,34600,0,0,2,2,3,1611,1,1.5,4
"395",395,245000,0.29,0,13,31400,0,1,2,2,3,2576,1,2.5,10
"396",396,358000,0.06,0,10,79600,0,1,2,2,2,2653,0,2.5,10
"397",397,412500,0.6,0,13,88000,0,1,2,3,3,3896,2,4.5,12
"398",398,208000,0.53,0,16,37500,0,1,2,2,3,1585,1,1,6
"399",399,270000,0.38,0,10,38000,0,1,2,2,3,2774,1,2.5,8
"400",400,100000,0.74,0,54,28300,0,0,2,2,2,1283,1,1,3
"401",401,130000,0.56,0,29,34800,0,0,4,2,2,1136,0,1,6
"402",402,182500,0.71,0,32,35100,0,0,2,3,3,1896,1,2.5,6
"403",403,139000,2.84,0,55,60200,0,0,2,3,2,1536,1,1,7
"404",404,104000,0.09,0,19,17600,0,0,3,4,3,1480,1,1.5,5
"405",405,221000,0.52,0,14,37300,0,1,2,2,3,2096,1,2.5,8
"406",406,260000,1,0,8,40200,0,1,2,2,3,2324,0,2.5,7
"407",407,182500,0.5,0,29,29000,0,0,2,3,3,2079,1,2.5,7
"408",408,196000,0.43,0,33,31400,0,1,2,2,3,1911,1,1.5,10
"409",409,132000,0.09,0,18,17600,0,1,2,2,3,1480,1,1.5,7
"410",410,224900,0.11,0,25,32900,0,0,2,3,2,2208,1,2.5,10
"411",411,199900,0.24,0,9,28000,0,0,2,2,3,1462,0,2.5,7
"412",412,165835,0.39,0,38,29600,0,0,2,2,2,1794,1,1.5,10
"413",413,189000,0.8,0,38,35500,0,0,2,3,3,1886,1,2.5,9
"414",414,89900,0.19,0,19,13300,0,0,3,4,3,1080,0,1.5,7
"415",415,235000,0.59,0,34,31700,0,1,2,3,3,2576,1,3,11
"416",416,166000,0.48,0,26,31200,0,0,2,3,3,1508,1,1.5,5
"417",417,153100,0.46,0,35,32700,0,0,2,2,3,1672,1,1,5
"418",418,162000,0.4,0,35,30000,0,1,2,2,3,1739,1,1.5,9
"419",419,224000,0.52,0,40,29600,0,0,2,3,2,3074,1,2.5,12
"420",420,222400,0.86,0,3,35600,0,0,2,2,2,1976,1,2.5,8
"421",421,199000,0.46,0,37,27400,0,0,2,3,3,2302,1,2.5,8
"422",422,166000,0.95,0,13,9500,0,1,2,2,2,1480,1,2,4
"423",423,149900,0.63,0,11,17900,0,0,2,3,3,960,0,2,5
"424",424,152000,0.42,0,16,17400,0,0,3,4,2,1582,0,1.5,8
"425",425,162500,0.34,0,154,11900,0,0,4,2,3,1600,0,1,7
"426",426,274900,0.5,0,5,4000,0,0,2,2,3,2320,0,2.5,9
"427",427,100000,0.2,0,14,7200,0,0,2,3,3,1034,0,1.5,5
"428",428,215000,2.96,0,19,11000,0,0,3,4,2,1488,0,1.5,8
"429",429,124000,1,0,17,3500,0,0,3,4,2,1056,0,1,8
"430",430,125000,1,0,128,16200,0,0,4,2,2,864,0,1,6
"431",431,138000,1,0,19,17600,0,0,3,4,2,1552,1,2,4
"432",432,225000,0.52,0,11,18200,0,0,2,2,3,1816,1,1.5,6
"433",433,180000,0.48,0,20,12500,0,1,2,2,2,1530,1,2,6
"434",434,189900,0.33,0,14,11900,0,1,2,2,3,1756,0,2,8
"435",435,435000,1,0,25,25000,0,0,2,3,2,4211,2,3.5,12
"436",436,120000,2.6,0,10,20200,0,0,4,2,2,2206,1,2.5,7
"437",437,163000,0.15,1,64,36000,0,0,4,2,3,1092,0,1,6
"438",438,131000,2.8,0,114,28300,0,0,4,3,2,1594,0,1,10
"439",439,126500,0.08,0,15,2100,0,0,2,2,3,1480,1,2.5,8
"440",440,122500,0.14,0,15,3200,0,1,2,2,3,1480,1,1.5,4
"441",441,425000,0.46,0,88,19700,0,1,2,2,2,3003,1,3.5,12
"442",442,225000,0.63,0,54,9500,0,0,4,3,2,2164,0,1.5,7
"443",443,209000,3.8,0,19,14400,0,0,4,3,2,1519,0,1,3
"444",444,189100,0.46,0,15,15700,0,1,4,2,2,1604,1,2.5,4
"445",445,285000,0.98,0,25,15900,0,0,3,4,2,1400,1,2,5
"446",446,266600,1,0,12,20300,0,0,2,2,2,1752,0,1,7
"447",447,80000,1,0,32,20300,0,0,3,4,2,880,0,1.5,6
"448",448,225000,6.07,0,14,25700,0,0,4,2,2,1240,0,2,5
"449",449,159000,0.03,0,17,18800,0,0,2,2,2,1514,1,1.5,8
"450",450,119900,0.18,0,2,15000,0,1,2,2,3,840,0,1,6
"451",451,130900,0.11,0,1,15000,0,1,2,2,3,840,0,1,3
"452",452,194670,0.28,0,124,7400,0,0,2,2,3,2592,0,1.5,12
"453",453,72000,0.18,0,121,7300,0,0,2,2,3,1010,0,1,7
"454",454,144700,0.16,0,2,15000,0,0,2,2,3,1380,0,1.5,6
"455",455,139500,0.15,0,3,15000,0,1,2,2,3,1366,0,1.5,8
"456",456,319000,0.5,1,5,40200,0,1,2,2,3,1681,1,2.5,4
"457",457,348000,3.68,0,14,27200,0,0,4,3,2,2037,1,2,9
"458",458,189900,0.98,0,16,11200,0,0,4,3,2,2570,0,1.5,10
"459",459,20000,0.52,0,59,8000,0,0,4,2,2,936,0,1,4
"460",460,60000,0.01,0,13,1200,0,0,2,3,3,960,0,1.5,7
"461",461,179500,0.91,0,11,3200,0,0,4,2,2,1352,1,1.5,5
"462",462,133300,0.34,0,118,6200,0,0,2,3,3,1060,0,1,8
"463",463,153000,2.06,0,6,40100,0,0,4,2,2,1508,0,2,5
"464",464,111900,0.35,0,54,19600,0,0,4,2,2,1272,1,1.5,9
"465",465,187000,0.47,0,18,18800,0,0,4,3,2,2389,0,3,11
"466",466,158500,0.7,0,17,28800,0,0,2,2,2,1210,1,1,4
"467",467,153000,0.39,0,52,21800,0,0,4,2,2,1230,1,1,6
"468",468,190000,0.52,0,47,28100,0,0,4,2,2,1832,1,2,8
"469",469,242000,1.27,0,27,34200,0,0,4,3,2,1854,1,1.5,8
"470",470,234500,2,0,164,40000,0,0,4,2,2,2268,0,2.5,10
"471",471,225000,0.68,0,29,28700,0,0,4,2,2,1807,1,1.5,8
"472",472,165000,0.38,0,48,21300,0,0,2,2,2,1272,1,1.5,5
"473",473,129900,0.28,0,12,4800,0,1,2,2,3,1560,1,1,8
"474",474,315000,0.07,0,15,200,0,1,2,2,3,1863,1,3.5,7
"475",475,129900,0.24,1,64,1400,0,0,4,2,2,1120,0,1,3
"476",476,257000,0.26,0,15,700,0,1,2,2,3,1832,1,2.5,8
"477",477,324000,3.64,0,0,7400,0,1,4,2,3,2092,1,2.5,8
"478",478,520000,0.41,0,13,3100,0,0,4,2,3,2702,1,2.5,11
"479",479,150414,0.46,0,32,5800,0,0,4,3,3,1040,1,1.5,5
"480",480,290000,0.15,0,13,400,0,1,2,2,3,1758,1,2.5,6
"481",481,112000,0.16,0,116,6800,0,0,4,2,3,2326,0,2,7
"482",482,185000,1,0,13,13700,0,0,3,4,2,2340,0,1.5,8
"483",483,295000,2.61,0,1,15700,0,0,4,3,2,2058,1,2.5,9
"484",484,290000,1,1,33,21700,0,0,4,2,2,944,1,1,4
"485",485,79900,0.19,0,44,9100,0,0,3,4,2,640,0,1,6
"486",486,256000,0.83,0,6,14700,0,1,2,2,2,2353,1,2.5,8
"487",487,245000,1,0,7,17800,0,0,2,3,2,2038,1,2.5,7
"488",488,140000,0.42,0,32,18500,0,1,2,2,2,1469,0,1.5,9
"489",489,272000,0.87,0,10,41100,0,0,2,2,3,2219,1,2,10
"490",490,164000,0.68,0,16,19900,0,0,2,2,3,1774,0,2,7
"491",491,182500,0.38,0,51,14600,0,1,4,2,2,1296,1,2,9
"492",492,219900,1.1,0,124,20100,0,0,4,3,2,2289,1,1.5,9
"493",493,325000,0.8,0,134,18100,0,0,2,2,2,2463,2,2.5,12
"494",494,352000,0.95,0,2,49200,0,1,4,2,2,3126,0,2.5,12
"495",495,315000,4.1,0,15,26600,0,0,4,3,2,2550,0,2.5,7
"496",496,154000,0.34,0,49,13100,0,1,4,2,2,1182,0,1,6
"497",497,199000,0.09,0,48,15800,0,1,4,2,2,1890,1,2,7
"498",498,202000,1,0,12,500,0,0,4,2,1,1944,1,2.5,7
"499",499,292000,0.57,0,6,15000,0,0,2,2,3,2815,1,2.5,10
"500",500,116600,1,0,11,34900,0,0,3,4,2,1040,1,2,7
"501",501,155000,0.48,0,25,14400,0,0,4,2,2,1638,0,2,5
"502",502,215000,0.14,0,13,21100,0,0,2,2,2,2206,1,2.5,9
"503",503,373490,0.19,0,0,74800,1,0,2,2,3,3170,1,3.5,12
"504",504,259142,0.5,0,0,74800,1,1,2,2,3,2328,1,2.5,10
"505",505,293565,0.35,0,0,74800,1,0,2,2,3,2737,1,3,8
"506",506,285558,0.21,0,0,32000,1,0,2,2,3,2879,0,3,8
"507",507,273960,3.47,0,1,20300,1,1,2,2,2,2158,1,2,10
"508",508,185000,0.55,0,11,19300,0,1,2,2,3,1336,1,2,7
"509",509,190000,0.53,0,4,4200,0,0,2,2,3,1594,0,2.5,6
"510",510,171000,0.54,0,11,18900,0,1,2,2,3,1603,0,1.5,4
"511",511,208000,0.54,0,11,18900,0,1,2,2,3,2190,0,2.5,11
"512",512,168000,0.32,0,10,10700,0,1,2,2,3,1478,1,2.5,5
"513",513,165000,0.25,0,10,8400,0,1,2,2,3,1348,0,2,7
"514",514,138500,0.32,0,36,8000,0,1,2,2,2,1558,1,1,6
"515",515,179900,0.5,0,13,18300,0,0,2,2,3,1574,1,1.5,7
"516",516,180000,0.04,0,13,16500,0,1,2,2,3,1612,0,2,7
"517",517,112000,0.21,0,129,7300,0,0,2,3,3,1216,0,1,7
"518",518,152000,0.17,0,124,6000,0,1,2,2,3,2256,0,1.5,8
"519",519,100000,0.51,0,28,15000,0,0,4,2,2,1170,1,1.5,4
"520",520,154000,0.17,0,29,4600,0,0,4,2,3,1456,0,2,6
"521",521,133000,0.11,0,29,3900,0,0,3,4,3,1320,0,3,5
"522",522,285000,0.14,0,14,20700,0,1,2,2,2,2076,1,2.5,10
"523",523,138000,1,0,22,16800,0,0,3,4,2,1326,0,2,5
"524",524,303000,0.18,0,20,20900,0,0,3,4,2,2240,1,2.5,10
"525",525,250000,1.29,0,19,21600,0,1,2,2,2,2100,1,3,7
"526",526,167500,1,0,27,8300,0,0,4,2,2,1129,0,1,7
"527",527,190000,0.6,0,19,16000,0,1,2,2,2,2296,1,2.5,7
"528",528,182500,0.46,0,20,13800,0,0,2,2,2,1475,1,2,8
"529",529,107000,1.03,0,20,20100,0,0,2,2,2,1268,1,1,6
"530",530,195000,0.47,0,15,14100,0,0,2,2,2,1816,1,2,7
"531",531,169000,0.5,0,30,15000,0,0,2,3,2,1632,1,2.5,8
"532",532,156000,0.26,0,11,8700,0,0,2,2,3,1254,0,1.5,5
"533",533,120000,0.49,0,30,64400,0,0,2,2,3,1272,0,1,4
"534",534,170000,0.28,0,29,80800,0,1,2,2,3,1604,0,1.5,6
"535",535,249835,0.52,0,0,77000,0,1,2,2,3,2474,1,2.5,11
"536",536,188095,0.15,0,0,36000,0,1,2,2,3,2057,1,2.5,9
"537",537,176450,0.05,0,6,32000,0,1,3,4,3,1852,0,2.5,8
"538",538,322277,0.09,0,1,51400,0,1,2,2,3,2242,0,3,8
"539",539,149000,0.49,0,32,64400,0,0,2,2,3,1564,1,1.5,9
"540",540,95000,0.19,0,24,39200,0,0,3,4,2,960,0,1,6
"541",541,198500,0.1,0,63,85000,0,1,2,2,3,1680,0,2.5,7
"542",542,185000,0.03,0,3,27000,0,1,2,2,3,1428,1,2.5,6
"543",543,168900,0.16,0,0,36800,0,1,2,2,3,1672,0,2.5,7
"544",544,220000,0.28,0,29,80800,0,1,2,2,3,2284,1,1.5,6
"545",545,129900,0.32,0,31,54200,0,1,2,2,3,1286,1,1,4
"546",546,167000,0.23,0,53,73000,0,0,2,3,3,1250,0,1,4
"547",547,330000,0.12,0,113,51300,0,0,4,3,3,1896,0,1.5,8
"548",548,336000,0.15,0,1,61000,0,1,2,2,3,2592,0,3,10
"549",549,512971,0.01,0,0,12500,0,1,2,2,3,1904,1,2,8
"550",550,229000,0.29,0,3,46400,0,1,2,2,3,1680,0,2,6
"551",551,145000,0.16,0,38,54900,0,0,2,2,3,1152,1,1,7
"552",552,103000,0.07,0,16,46600,0,1,3,4,3,1290,1,1.5,5
"553",553,210000,0.17,0,93,55800,0,0,2,2,3,2396,1,1.5,11
"554",554,559000,0.24,0,55,255000,0,1,2,3,3,3090,2,4,12
"555",555,218000,0.21,0,142,107000,0,0,4,3,3,1428,0,1,8
"556",556,262138,0.15,0,0,114000,0,1,2,2,3,1631,1,2.5,4
"557",557,125000,0.24,0,33,49100,0,0,2,2,3,1368,0,1,7
"558",558,130000,0.16,0,36,54900,0,0,2,2,3,1134,0,1,4
"559",559,157500,0.3,0,27,84600,0,1,2,2,3,1697,1,1.5,6
"560",560,193000,0.3,0,6,47000,0,1,2,2,3,1666,1,2.5,4
"561",561,275000,0.12,0,78,89000,0,1,4,3,3,1738,1,2.5,6
"562",562,240000,0.15,0,103,210000,0,0,2,3,3,1457,0,1.5,7
"563",563,200136,0.15,0,0,54000,0,1,2,2,3,1632,1,2.5,7
"564",564,395000,1.4,0,12,128500,0,1,2,2,1,2186,0,2.5,6
"565",565,366703,0.15,0,0,95000,0,1,3,2,3,2117,1,2.5,6
"566",566,103150,0.25,0,32,50000,0,0,2,2,3,936,1,1,8
"567",567,310000,0.17,0,169,220000,0,0,2,3,3,3347,2,2.5,12
"568",568,142900,0.36,0,32,50600,0,1,2,2,3,1824,1,2.5,10
"569",569,359770,0.16,0,1,62600,0,1,2,2,3,2592,0,3,8
"570",570,126000,0.68,0,64,84200,0,0,4,2,2,1080,0,1,7
"571",571,760000,1.22,0,2,194700,0,1,2,2,2,3148,0,3.5,12
"572",572,282500,0.25,0,150,115000,0,0,2,3,3,2128,1,1.5,8
"573",573,132000,0.06,0,18,28800,0,0,2,2,3,1616,0,1.5,8
"574",574,325000,0.23,0,5,73800,0,1,2,2,3,3313,1,2.5,12
"575",575,207000,0.48,0,25,57800,0,0,2,3,3,2327,1,1.5,10
"576",576,155000,0.24,0,32,49100,0,1,2,2,3,1640,1,1.5,7
"577",577,330000,0.12,0,73,89000,0,0,2,3,3,1421,0,1.5,5
"578",578,101760,0.15,0,103,54000,0,0,2,3,3,1280,1,1,3
"579",579,496000,0.34,0,3,82400,0,1,2,2,3,3467,1,2.5,11
"580",580,185000,0.11,0,83,87000,0,0,2,3,3,1250,0,1.5,5
"581",581,125000,0.25,0,33,50000,0,0,2,2,3,1368,0,1,5
"582",582,286000,0.13,0,1,110200,0,0,2,2,3,1396,0,2.5,8
"583",583,269000,0.04,0,15,36000,0,1,2,2,3,2004,1,2.5,8
"584",584,303374,0.12,0,1,56200,0,1,2,2,3,2242,0,3,6
"585",585,371165,0.39,0,0,85400,0,0,2,2,3,2786,1,2.5,8
"586",586,287600,0.07,0,0,48200,0,1,2,2,3,2242,0,2.5,6
"587",587,131000,0.34,0,33,55400,0,0,2,2,3,1404,0,1,6
"588",588,187000,1,0,25,98500,0,1,2,2,2,1600,1,1.5,7
"589",589,169000,0.04,0,103,36000,0,0,2,2,3,1408,0,1,3
"590",590,133500,0.21,0,37,59400,0,0,2,2,3,972,0,1,8
"591",591,620000,1.06,0,14,125100,0,1,4,2,2,4856,2,4,12
"592",592,549254,0.25,0,0,63000,0,1,2,2,3,2885,1,2.5,11
"593",593,280000,0.09,0,82,83000,0,0,2,2,3,1560,0,1,6
"594",594,135000,0.26,0,33,50600,0,0,2,2,3,1472,0,1,8
"595",595,195388,0.14,0,0,35200,0,1,2,2,3,2124,1,2.5,10
"596",596,337020,0.15,0,1,114000,0,1,2,2,3,2162,1,2.5,7
"597",597,330850,0.46,0,0,89600,0,0,2,2,3,2515,1,2.5,8
"598",598,248495,0.63,0,0,98500,0,1,2,2,3,2294,1,2.5,11
"599",599,120000,0.26,0,123,63300,0,0,2,2,3,1744,0,1,6
"600",600,240000,0.48,0,0,90800,0,1,2,2,3,2022,1,2.5,8
"601",601,235000,0.22,0,34,72000,0,1,2,3,3,1578,0,2,8
"602",602,500075,0.91,1,0,239300,0,1,2,2,3,3400,0,3,12
"603",603,240000,0.07,0,13,48200,0,1,2,2,3,1744,1,2.5,6
"604",604,270000,0.46,0,0,89600,0,1,2,2,3,2560,1,2.5,9
"605",605,225000,0.12,0,51,89000,0,1,2,2,3,1398,0,2.5,4
"606",606,280000,0.16,0,0,62600,0,1,2,2,3,2494,0,2.5,8
"607",607,225000,0.48,0,27,57800,0,1,2,2,3,2208,2,2.5,11
"608",608,248220,0.46,0,0,89600,0,1,2,2,3,2550,1,2.5,7
"609",609,275000,0.03,0,16,27000,0,1,2,2,3,1812,1,2.5,7
"610",610,137000,0.12,0,50,89000,0,0,2,3,3,1290,0,1,3
"611",611,150000,0.14,0,16,52200,0,0,2,2,3,1172,0,2,3
"612",612,649000,1.04,0,10,192900,0,1,2,2,2,4128,2,3.5,12
"613",613,195000,0.49,0,17,64400,0,1,3,4,3,1816,1,2.5,5
"614",614,373200,0.65,0,4,99500,0,0,2,2,3,2628,1,2.5,8
"615",615,169450,0.15,0,0,36000,0,1,2,2,3,1254,1,2.5,4
"616",616,144200,0.15,0,113,54000,0,0,2,2,3,1660,1,1.5,9
"617",617,189900,0.5,0,43,73500,0,0,2,2,3,1850,1,1.5,7
"618",618,166000,0.14,0,0,35200,0,1,2,2,3,1258,0,2,8
"619",619,160000,0.23,0,0,42400,0,1,2,2,3,1219,0,2,5
"620",620,327355,0.14,0,14,59400,0,1,2,2,3,1850,1,2.5,6
"621",621,247000,0.29,0,9,52400,0,0,2,2,3,2103,0,2.5,7
"622",622,318000,0.23,0,3,73800,0,1,2,2,3,1806,1,2.5,8
"623",623,341000,0.23,0,52,250000,0,0,2,3,3,1674,1,1.5,4
"624",624,288650,0.08,0,0,49800,0,1,2,2,3,2242,0,2.5,10
"625",625,157000,0.03,0,103,27000,0,0,2,2,3,1408,0,1.5,4
"626",626,449000,1,0,20,124800,0,1,3,4,2,3457,2,2.5,12
"627",627,142000,0.16,0,28,50400,0,0,2,2,3,1728,0,1.5,6
"628",628,389000,1,0,16,125900,0,1,3,4,2,2354,2,2.5,6
"629",629,476000,0.42,0,4,87200,0,1,2,2,3,2246,1,2.5,9
"630",630,249230,0.18,0,0,119700,0,1,2,2,3,1902,1,2.5,4
"631",631,139900,0.3,0,30,53000,0,0,2,2,3,1178,0,1,7
"632",632,301900,0.73,0,0,103500,0,1,2,2,3,2896,1,3.5,11
"633",633,425000,1.03,0,24,124800,0,1,2,2,3,2457,1,3,9
"634",634,121000,0.25,0,32,50000,0,0,2,2,3,936,0,1,8
"635",635,150000,0.19,0,123,103000,0,0,2,3,3,934,0,1,7
"636",636,138000,0.29,0,30,52400,0,0,2,2,3,1279,1,1,6
"637",637,199900,0.39,0,6,69400,0,0,2,3,2,1888,0,2,5
"638",638,145000,0.27,0,33,63700,0,0,2,2,3,1686,1,1.5,7
"639",639,465000,0.25,0,22,61000,0,1,2,2,3,2310,1,3,7
"640",640,158000,0.32,0,1,48200,0,1,2,2,3,1200,0,1.5,4
"641",641,375000,0.27,0,50,78800,0,1,2,2,3,1944,1,2.5,7
"642",642,147783,0.36,0,51,50600,0,0,3,4,2,1184,0,1,5
"643",643,339000,0.36,0,3,83600,0,1,2,2,3,2000,1,2.5,5
"644",644,267000,0.07,0,14,48200,0,1,2,2,3,1744,1,2.5,9
"645",645,290000,0.12,0,3,108300,0,1,2,2,3,1620,1,2.5,7
"646",646,271295,0.35,0,1,67000,0,1,2,2,3,2359,0,2.5,11
"647",647,278140,0.62,0,1,98000,0,1,2,2,3,2230,0,2.5,10
"648",648,138000,0.07,0,94,46800,0,0,2,2,3,1147,0,1.5,3
"649",649,367500,0.27,0,2,78200,0,1,2,2,3,2205,1,2.5,10
"650",650,428500,0.42,0,4,87200,0,1,2,2,3,3243,0,2.5,11
"651",651,140000,0.48,0,34,57800,0,0,2,2,3,1431,0,1.5,5
"652",652,140000,0.36,0,35,56600,0,0,2,2,3,936,0,1,7
"653",653,145000,0.3,0,33,53000,0,1,2,2,3,1368,0,1.5,7
"654",654,280000,0.07,0,16,48200,0,1,3,2,3,1800,1,2.5,8
"655",655,190400,0.17,0,16,49500,0,0,2,2,3,1920,1,1.5,9
"656",656,267000,0.11,0,83,87000,0,0,2,3,3,1416,0,2,7
"657",657,164900,0.14,0,77,93000,0,0,2,2,3,616,0,1,5
"658",658,280000,0.1,0,79,85000,0,0,2,2,3,1488,0,1.5,5
"659",659,225000,0.11,0,84,87000,0,0,4,2,3,1320,1,1.5,6
"660",660,148000,0.06,0,18,45800,0,1,2,2,3,1250,0,1.5,5
"661",661,165000,0.32,0,32,54200,0,1,2,2,3,1286,1,1,6
"662",662,340455,0.38,0,0,84800,0,1,2,2,3,2886,1,2.5,10
"663",663,133000,0.42,0,36,60200,0,0,2,2,3,1279,1,1,4
"664",664,115540,0.2,0,104,56700,0,0,2,2,3,1074,0,1,7
"665",665,240000,0.58,0,52,78300,0,0,2,3,2,1304,1,1,4
"666",666,600000,0.04,0,17,36000,0,1,2,2,3,3191,2,3.5,12
"667",667,71500,0.3,0,44,64700,0,0,2,3,3,1056,0,1,5
"668",668,189900,0.03,0,18,19200,0,1,2,2,3,1468,1,2.5,4
"669",669,325000,0.08,0,115,81000,0,0,2,3,3,1598,0,1.5,6
"670",670,280000,0.14,0,84,93000,0,0,2,3,3,1160,0,1.5,4
"671",671,255000,0.12,0,104,89000,0,0,2,2,3,1028,0,1,5
"672",672,300000,0.2,0,104,105000,0,0,2,3,3,2014,0,1,11
"673",673,106000,0.48,0,34,63800,0,0,2,2,3,1296,0,1,7
"674",674,139000,0.27,0,56,62500,0,0,2,2,3,932,0,1,3
"675",675,165000,0.06,0,15,45800,0,0,2,2,3,1290,1,1.5,5
"676",676,169000,0.17,0,19,37600,0,0,2,2,3,1448,0,1.5,5
"677",677,159400,0.24,0,29,49100,0,0,2,2,3,1368,0,1,5
"678",678,300000,0.87,0,25,90800,0,0,2,3,2,3046,1,1.5,11
"679",679,161000,0.23,0,32,48200,0,0,2,2,3,1272,0,1.5,8
"680",680,230500,0.59,0,18,69500,0,1,2,2,3,1822,0,2.5,6
"681",681,220000,0.41,0,31,105700,0,1,2,2,3,1579,0,1.5,6
"682",682,177900,0.29,0,32,52400,0,0,2,2,3,1660,1,1.5,7
"683",683,350000,0.32,0,36,144900,0,0,4,3,3,2452,1,2.5,10
"684",684,335000,0.14,0,94,50200,0,1,2,2,3,2004,0,2,9
"685",685,597185,1.07,0,0,193200,0,1,2,2,2,4210,1,3.5,12
"686",686,173000,0.33,0,32,54800,0,1,2,2,3,1640,0,1.5,9
"687",687,518000,0.17,0,144,99000,0,0,2,3,3,2847,1,1.5,7
"688",688,212000,0.5,0,18,65000,0,1,2,2,3,1816,1,2,7
"689",689,149900,0.87,0,19,93300,0,0,4,2,3,2028,0,2,10
"690",690,140958,0.22,0,40,54500,0,0,2,3,3,775,0,1,7
"691",691,95000,0.33,0,34,54800,0,0,2,2,3,1368,0,1,6
"692",692,161600,0.24,0,34,49100,0,0,2,2,3,936,0,1.5,8
"693",693,351400,0.15,0,1,114000,0,1,2,2,3,1680,1,2.5,4
"694",694,155000,0.3,0,33,53000,0,0,2,2,3,1368,0,1,6
"695",695,198500,0.4,0,34,53000,0,1,2,2,3,1326,1,1.5,7
"696",696,276000,0.21,0,62,107000,0,1,4,2,3,1579,1,2,4
"697",697,167000,0.25,0,32,50000,0,0,2,2,3,1286,0,1,8
"698",698,227000,0.84,0,25,207700,0,1,2,2,3,2132,2,2.5,7
"699",699,405100,0.39,0,3,85400,0,1,2,2,3,2000,1,2.5,6
"700",700,395000,0.14,0,3,112100,0,1,2,2,3,2222,0,2.5,6
"701",701,360000,0.41,0,99,139000,0,0,2,3,3,2641,0,2,9
"702",702,775000,0,1,5,412600,0,1,2,2,2,2472,1,2.5,9
"703",703,285000,0.07,0,16,48200,0,1,3,2,3,1926,2,3,6
"704",704,300000,0.12,0,4,108300,0,1,2,2,3,1534,0,2.5,8
"705",705,214000,0.25,0,39,44000,0,0,2,2,2,1490,0,1.5,4
"706",706,229000,0.22,0,46,72000,0,0,2,3,3,1126,1,2,8
"707",707,330000,0.23,0,33,61200,0,1,2,2,3,1435,0,1.5,8
"708",708,146000,0.42,0,44,60200,0,0,2,2,3,1136,0,1.5,8
"709",709,381500,0.15,0,2,114000,0,1,2,2,3,2162,1,2.5,9
"710",710,430000,0.34,0,5,82400,0,1,2,2,3,2328,1,2.5,7
"711",711,650000,0.43,0,2,87800,0,1,2,2,3,2754,1,2.5,10
"712",712,194500,0.17,0,40,37600,0,0,2,2,2,1504,0,1.5,6
"713",713,279000,0.39,0,14,58400,0,1,2,2,3,2473,1,3.5,7
"714",714,183000,0.31,0,35,47600,0,0,2,2,3,2072,1,2.5,8
"715",715,195000,0.03,0,18,19200,0,1,2,2,3,1480,1,2.5,7
"716",716,470000,0.17,0,135,99000,0,0,2,2,3,2096,2,2.5,8
"717",717,167000,0.11,0,80,50400,0,0,2,3,3,1050,0,1,6
"718",718,309278,0.02,0,17,18000,0,1,2,2,3,1650,1,2.5,5
"719",719,217500,0.34,0,26,92300,0,1,2,2,3,1596,0,1.5,6
"720",720,200000,0.17,0,44,99000,0,0,2,3,3,979,0,2,8
"721",721,199995,0.16,0,18,53800,0,1,2,2,3,1393,0,1.5,6
"722",722,179000,0.46,0,44,70200,0,0,2,2,3,864,0,1,7
"723",723,329000,1,0,1,106800,0,1,2,2,2,2744,0,2.5,10
"724",724,374900,0.06,0,15,46600,0,1,2,2,3,2300,1,3,10
"725",725,165000,0.29,0,34,52400,0,0,2,2,3,1612,1,1,5
"726",726,647000,1.08,0,14,193300,0,1,2,2,2,2640,1,2.5,12
"727",727,315000,0.63,0,19,65500,0,0,4,2,3,775,0,1,6
"728",728,208000,0.34,0,26,49400,0,1,2,2,3,2470,1,2.5,10
"729",729,405000,0.58,0,6,80000,0,0,2,2,2,3124,1,3,9
"730",730,535000,1,0,14,192500,0,1,2,2,2,3254,1,2.5,12
"731",731,184020,0.4,0,34,59000,0,0,2,2,3,1544,0,2.5,7
"732",732,95000,0.17,0,139,1900,0,0,2,3,3,1410,0,1.5,9
"733",733,87550,0.46,0,44,2100,0,0,2,2,2,906,0,1,3
"734",734,131000,0.23,0,66,3600,0,0,2,2,3,1512,1,1,8
"735",735,127000,0.2,0,77,3400,0,0,2,2,3,1232,1,1,8
"736",736,104695,0.21,0,54,3500,0,0,2,2,3,921,0,1,7
"737",737,120000,0.18,0,70,3100,0,0,2,2,3,1287,0,1,4
"738",738,278500,0.16,0,17,5200,0,0,3,4,2,2600,0,3,12
"739",739,75500,0.13,0,124,1500,0,0,2,2,3,1302,0,2,8
"740",740,121900,0.47,0,20,4700,0,0,2,3,2,1144,0,1,6
"741",741,208000,0.45,0,39,5500,0,0,2,3,2,1703,0,2,6
"742",742,151000,0.59,0,15,4500,0,0,3,4,2,1553,1,2,4
"743",743,138000,0.38,0,15,1700,0,0,3,4,2,1040,0,1,3
"744",744,229000,0.55,0,11,7500,0,0,2,3,2,2124,0,3,10
"745",745,130000,0.52,0,13,4500,0,0,2,2,2,1344,0,2,5
"746",746,89900,0.46,0,66,3900,0,0,2,2,2,884,0,1,3
"747",747,145000,0.76,0,11,3800,0,0,4,2,2,1812,0,1.5,7
"748",748,86000,0.46,0,43,5500,0,0,2,2,2,880,0,1,4
"749",749,95000,0.17,0,134,2300,0,0,2,2,3,1256,0,2,5
"750",750,195000,0.34,0,15,5000,0,1,2,2,2,1826,1,2.5,6
"751",751,107325,0.1,0,126,1100,0,0,2,2,3,1134,0,1.5,7
"752",752,131000,0.54,0,41,5300,0,0,2,2,2,1916,1,2.5,8
"753",753,166900,0.75,0,3,1700,0,0,2,2,2,1272,0,1.5,7
"754",754,127000,0.43,0,39,4900,0,1,2,2,2,960,0,1,6
"755",755,119000,0.15,0,65,2500,0,0,2,2,3,1152,0,1.5,4
"756",756,92509,0.52,0,13,4500,0,0,2,2,2,840,0,1,4
"757",757,174000,0.46,0,34,5500,0,0,2,2,2,2106,0,2,11
"758",758,180000,0.52,0,10,2500,0,0,2,2,2,1632,0,2,8
"759",759,155000,0.41,0,9,300,0,0,2,2,2,1092,0,2,8
"760",760,146500,0.44,0,25,13200,0,1,2,2,2,1634,1,1.5,8
"761",761,162500,0.46,0,26,13800,0,1,2,2,2,1890,1,2.5,7
"762",762,210000,0.48,0,32,18400,0,0,2,2,2,2224,2,2.5,11
"763",763,165000,0.65,0,22,16500,0,0,3,4,2,1475,1,2,6
"764",764,123000,0.08,0,16,2100,0,0,2,2,3,1480,1,1.5,5
"765",765,150000,0.58,0,36,13300,0,0,2,2,2,1368,1,1,4
"766",766,128900,0.14,0,7,7200,0,0,2,2,3,1200,0,1,8
"767",767,88100,0.14,0,0,7400,0,1,2,2,3,840,0,1,7
"768",768,175000,0.68,0,54,25900,0,0,4,2,3,1176,0,2,8
"769",769,120975,0.13,0,0,7400,1,0,2,2,3,1380,0,2,4
"770",770,147543,0.29,0,0,11300,1,0,2,2,2,1786,0,2.5,7
"771",771,118000,0.22,0,17,3400,0,0,2,2,3,1480,0,1.5,4
"772",772,199000,0.5,0,13,15300,0,0,2,3,3,1574,1,1.5,7
"773",773,79900,0.18,0,154,7500,0,0,4,2,2,950,0,1.5,5
"774",774,279000,0.55,0,14,25300,0,1,2,2,3,3178,1,3.5,12
"775",775,90000,0.28,0,16,10600,0,0,2,2,2,1342,0,1.5,7
"776",776,91900,0.35,0,20,12000,0,1,3,4,2,1336,1,1.5,5
"777",777,153000,0.25,0,10,8400,0,0,2,2,3,1542,0,2.5,6
"778",778,170000,2.68,0,11,21400,0,0,4,3,2,2272,1,3.5,8
"779",779,145200,0.2,0,15,3400,0,0,2,2,3,1480,1,2.5,4
"780",780,296000,0.02,0,8,14000,0,0,2,2,3,2506,2,2.5,10
"781",781,150000,0.37,0,1,15800,0,0,4,2,2,1852,0,2,6
"782",782,86000,0.45,0,19,14000,0,0,2,2,2,1055,1,1,7
"783",783,118000,0.36,0,21,40000,0,0,2,2,2,1392,0,1.5,7
"784",784,155000,0.75,0,53,6500,0,0,4,2,2,1608,1,2,5
"785",785,222500,0.69,0,15,16900,0,0,2,2,3,1564,1,2,6
"786",786,250000,0.46,0,17,18400,0,1,2,2,2,2068,1,2.5,10
"787",787,365000,0.69,0,13,21900,0,1,4,2,2,2516,0,2.5,11
"788",788,120000,0.89,0,14,19300,0,0,3,4,2,1684,0,1.5,5
"789",789,193000,0.47,0,18,14100,0,0,2,3,2,1481,0,1.5,5
"790",790,85568,0.15,0,67,2600,0,0,4,3,3,999,0,1,6
"791",791,82000,0.46,0,17,4420,0,0,4,3,3,896,0,1,3
"792",792,225000,0.77,0,50,3000,0,0,4,3,2,792,1,1,7
"793",793,240000,0.85,0,34,50400,0,0,4,3,2,2747,2,3.5,12
"794",794,234900,0.01,0,1,43300,1,1,2,2,3,2277,0,2.5,8
"795",795,112000,0.02,0,19,14900,0,1,2,2,3,1281,1,2.5,6
"796",796,261000,0.57,0,14,43200,0,1,2,2,3,2462,1,2.5,10
"797",797,400000,0.6,0,9,57000,0,1,2,2,3,2897,2,2.5,12
"798",798,310000,0.41,0,4,37600,0,1,3,2,3,2672,1,3.5,8
"799",799,182000,0.29,0,21,26300,0,0,2,2,3,1932,0,1.5,8
"800",800,187500,0.47,0,11,25500,0,0,2,2,3,1320,0,2.5,7
"801",801,405000,0.61,0,6,23900,0,1,2,2,3,3296,1,2.5,12
"802",802,420000,1.14,0,6,82100,0,1,2,2,3,3279,1,3,11
"803",803,359000,0.48,0,4,37100,0,1,2,2,3,3204,1,2.5,9
"804",804,120000,0.01,0,16,9900,0,1,3,4,3,1217,0,2.5,6
"805",805,171500,0.31,0,37,21500,0,0,2,3,3,1782,1,1.5,6
"806",806,159900,0.21,0,16,28800,0,1,2,2,3,1180,1,1.5,6
"807",807,186500,0.21,0,16,28000,0,1,3,2,3,1452,1,2,8
"808",808,260000,0.46,0,13,36600,0,1,2,2,3,2140,1,2.5,8
"809",809,115000,0.01,0,16,9900,0,1,3,4,3,1219,0,1.5,6
"810",810,191000,0.44,0,39,24100,0,0,2,3,3,1518,1,1.5,5
"811",811,355465,0.35,0,0,233000,1,1,2,2,3,3328,1,2.5,12
"812",812,339900,0.57,0,10,54600,0,1,2,2,3,2344,0,2.5,10
"813",813,90000,0.49,0,74,10600,0,0,2,2,2,960,0,1,7
"814",814,245000,0.04,0,6,28800,0,0,2,2,3,1544,0,2.5,8
"815",815,320900,0.46,0,7,36400,0,1,2,2,3,2873,1,2.5,8
"816",816,159000,0.22,0,18,29600,0,1,2,2,3,1180,1,1.5,6
"817",817,174900,0.62,0,38,15100,0,0,2,2,2,1368,0,1.5,6
"818",818,293500,0.49,0,10,38400,0,1,2,2,3,1904,1,2.5,8
"819",819,210000,0.51,0,11,26900,0,0,2,2,3,1320,0,2,8
"820",820,182500,1,0,34,25200,0,0,2,2,2,1594,1,1.5,5
"821",821,219900,0.46,0,8,38100,0,1,2,2,3,1847,1,2.5,7
"822",822,370000,0.46,0,1,36600,1,1,2,2,3,3125,1,2.5,12
"823",823,286000,0.47,0,7,20000,0,0,2,2,3,2004,1,2.5,10
"824",824,169900,0.49,0,36,27800,0,1,2,2,3,1623,1,1.5,8
"825",825,161000,0.23,0,40,22000,0,0,4,3,3,1120,0,1,7
"826",826,287000,0.36,0,2,53900,0,1,2,2,3,2363,1,2.5,11
"827",827,315000,0.94,0,9,48200,0,0,2,2,3,2572,1,2.5,11
"828",828,177000,0.34,0,25,9200,0,0,3,4,2,1548,0,1.5,5
"829",829,332000,1,0,11,26700,0,1,2,2,3,2734,0,2.5,11
"830",830,249000,0.53,0,8,38800,0,1,2,2,3,1462,1,2,5
"831",831,179000,0.09,0,15,25500,0,0,2,2,3,1558,0,2.5,7
"832",832,150000,0.52,0,34,14000,0,0,4,3,2,1664,0,1.5,8
"833",833,225000,0.37,0,16,24500,0,0,2,2,3,1877,1,3,10
"834",834,182000,0.33,0,37,21400,0,0,2,2,3,1838,1,1,7
"835",835,329900,0.5,0,9,37800,0,1,2,2,3,2368,1,2.5,11
"836",836,165000,0.33,0,32,22500,0,0,2,3,3,2104,1,1.5,11
"837",837,180000,0.31,0,16,36800,0,0,2,2,3,1180,0,1.5,7
"838",838,321000,0.53,0,11,38800,0,1,2,2,3,2399,1,2.5,11
"839",839,180000,0.11,0,15,15400,0,0,2,2,3,1232,1,1.5,4
"840",840,178000,0.14,0,17,19600,0,1,2,2,3,1180,0,1.5,6
"841",841,279900,0.55,0,2,39500,0,0,2,2,3,2022,1,2.5,9
"842",842,179000,0.14,0,19,21000,0,1,2,2,3,1364,1,1.5,5
"843",843,183000,0.15,0,17,21000,0,1,2,2,3,1343,1,2.5,6
"844",844,500000,1,0,70,35900,0,0,4,2,2,1492,0,1,7
"845",845,170000,0.37,0,37,24500,0,0,2,3,3,999,1,1,6
"846",846,179000,0.34,0,24,27000,0,0,2,2,3,2102,1,2.5,9
"847",847,184900,0.32,0,18,27000,0,0,2,2,3,1656,1,1.5,4
"848",848,177500,0.33,0,18,27000,0,0,3,2,3,1561,0,1.5,7
"849",849,112500,0.15,0,19,15700,0,0,3,4,3,988,0,2,7
"850",850,180000,0.32,0,17,27000,0,0,2,3,3,1765,1,2,9
"851",851,10300,0.16,0,20,15700,0,0,3,4,3,912,1,1.5,4
"852",852,137900,0.16,0,17,15100,0,0,3,4,3,1592,0,1.5,7
"853",853,144000,0.06,0,54,3600,0,0,3,4,3,1344,0,1,8
"854",854,131600,0.16,0,17,15100,0,0,3,4,3,1385,1,1.5,7
"855",855,123500,0.15,0,17,15100,0,0,3,4,3,1385,0,1.5,5
"856",856,123000,0.15,0,17,15100,0,0,3,4,3,1679,0,1.5,7
"857",857,109000,0.15,0,20,15700,0,0,3,4,3,908,0,1,7
"858",858,173000,0.31,0,16,27000,0,1,2,2,3,1527,1,2,5
"859",859,105000,0.16,0,20,15700,0,0,3,4,3,912,0,1.5,3
"860",860,122500,0.15,0,18,15100,0,0,3,4,3,1184,0,1.5,3
"861",861,191000,0.46,0,26,24500,0,0,3,4,3,1719,1,1.5,7
"862",862,149000,0.16,0,19,15100,0,0,3,4,2,1080,1,1,6
"863",863,205000,0.33,0,16,27000,0,0,3,4,3,2118,1,2,9
"864",864,225000,0.33,0,16,27000,0,0,3,4,3,2527,0,1.5,10
"865",865,210000,0.49,0,15,25000,0,0,2,2,2,1592,1,1.5,8
"866",866,188900,0.32,0,18,27000,0,0,3,4,3,1294,0,1,4
"867",867,192000,0.94,0,33,25200,0,0,2,3,2,1974,1,2.5,8
"868",868,137500,0.16,0,17,15700,0,0,3,4,3,988,1,2,7
"869",869,200000,0.36,0,20,27000,0,0,2,2,3,1508,1,2,8
"870",870,126000,0.16,0,17,15600,0,0,3,4,3,908,0,1,4
"871",871,214500,0.35,0,20,27000,0,0,3,4,3,1910,1,2,7
"872",872,152000,0.15,0,18,15700,0,0,3,4,3,912,0,1.5,5
"873",873,115000,0.16,0,20,15700,0,0,3,4,3,912,0,1.5,5
"874",874,88000,0.16,0,19,15700,0,0,3,4,3,988,0,2,4
"875",875,170000,0.35,0,20,27000,0,0,3,4,3,1748,0,2,4
"876",876,137000,0.16,0,18,15700,0,0,3,4,3,912,1,1.5,3
"877",877,145000,0.15,0,17,15100,0,0,3,4,3,1385,0,1.5,8
"878",878,202000,0.43,0,15,25000,0,0,2,2,2,1300,0,1.5,7
"879",879,130000,0.15,0,17,15600,0,0,3,4,3,908,0,1,7
"880",880,265000,1,0,25,21700,0,0,3,4,2,1900,0,2,7
"881",881,185000,0.33,0,16,27000,0,0,3,4,3,2191,1,2.5,7
"882",882,130000,0.16,0,25,15100,0,1,2,2,3,1080,1,1,4
"883",883,190000,0.59,0,15,25000,0,1,2,2,2,1300,1,1.5,5
"884",884,204000,0.4,0,1,15000,0,0,2,2,3,2458,1,2.5,10
"885",885,125000,0.35,0,22,10500,0,0,3,4,3,1040,0,1,4
"886",886,349900,0.44,0,0,13000,1,0,2,2,3,2886,1,3,12
"887",887,142000,0.14,0,8,3700,0,0,2,2,3,1840,0,1,6
"888",888,132500,0.37,0,19,13000,0,0,3,4,3,1988,0,1,4
"889",889,220000,1,0,43,22900,0,0,4,2,2,672,0,1,3
"890",890,160000,1.96,0,13,18400,0,0,4,2,2,1512,0,2,4
"891",891,10300,0.16,0,20,15700,0,0,3,4,3,912,1,1.5,6
"892",892,95000,0.15,0,19,15700,0,0,3,4,3,912,0,1.5,6
"893",893,122055,0.15,0,17,15000,0,0,3,4,3,1385,0,1.5,5
"894",894,149000,0.31,0,18,27000,0,0,2,2,3,1508,1,1.5,8
"895",895,115000,0.15,0,17,15100,0,0,3,4,3,1385,0,1.5,5
"896",896,140000,0.15,0,19,15100,0,0,3,4,3,1628,0,2.5,6
"897",897,137900,0.16,0,17,15100,0,0,3,4,3,1592,0,1.5,5
"898",898,144000,0.06,0,54,3600,0,0,3,4,3,1344,0,1,7
"899",899,131600,0.16,0,17,15100,0,0,3,4,3,1385,1,1.5,7
"900",900,123500,0.15,0,17,15100,0,0,3,4,3,1385,0,1.5,4
"901",901,123000,0.15,0,17,15100,0,0,3,4,3,1679,0,1.5,4
"902",902,109000,0.15,0,20,15700,0,0,3,4,3,908,0,1,3
"903",903,173000,0.31,0,16,27000,0,1,2,2,3,1527,1,2,7
"904",904,105000,0.16,0,20,15700,0,0,3,4,3,912,0,1.5,3
"905",905,122500,0.15,0,18,15100,0,0,3,4,3,1184,0,1.5,3
"906",906,191000,0.46,0,26,24500,0,0,3,4,3,1719,1,1.5,5
"907",907,149000,0.16,0,19,15100,0,0,3,4,2,1080,1,1,5
"908",908,205000,0.33,0,16,27000,0,0,3,4,3,2118,1,2,10
"909",909,225000,0.33,0,16,27000,0,0,3,4,3,2527,0,1.5,8
"910",910,210000,0.49,0,15,25000,0,0,2,2,2,1592,1,1.5,7
"911",911,188900,0.32,0,18,27000,0,0,3,4,3,1294,0,1,4
"912",912,192000,0.94,0,33,25200,0,0,2,3,2,1974,1,2.5,9
"913",913,137500,0.16,0,17,15700,0,0,3,4,3,988,1,2,3
"914",914,200000,0.36,0,20,27000,0,0,2,2,3,1508,1,2,7
"915",915,126000,0.16,0,17,15600,0,0,3,4,3,908,0,1,4
"916",916,214500,0.35,0,20,27000,0,0,3,4,3,1910,1,2,10
"917",917,152000,0.15,0,18,15700,0,0,3,4,3,912,0,1.5,7
"918",918,115000,0.16,0,20,15700,0,0,3,4,3,912,0,1.5,7
"919",919,88000,0.16,0,19,15700,0,0,3,4,3,988,0,2,5
"920",920,170000,0.35,0,20,27000,0,0,3,4,3,1748,0,2,6
"921",921,137000,0.16,0,18,15700,0,0,3,4,3,912,1,1.5,6
"922",922,145000,0.15,0,17,15100,0,0,3,4,3,1385,0,1.5,7
"923",923,202000,0.43,0,15,25000,0,0,2,2,2,1300,0,1.5,4
"924",924,130000,0.15,0,17,15600,0,0,3,4,3,908,0,1,5
"925",925,265000,1,0,25,21700,0,0,3,4,2,1900,0,2,8
"926",926,185000,0.33,0,16,27000,0,0,3,4,3,2191,1,2.5,8
"927",927,130000,0.16,0,25,15100,0,1,2,2,3,1080,1,1,5
"928",928,190000,0.59,0,15,25000,0,1,2,2,2,1300,1,1.5,5
"929",929,204000,0.4,0,1,15000,0,0,2,2,3,2458,1,2.5,11
"930",930,125000,0.35,0,22,10500,0,0,3,4,3,1040,0,1,8
"931",931,349900,0.44,0,0,13000,1,0,2,2,3,2886,1,3,11
"932",932,142000,0.14,0,8,3700,0,0,2,2,3,1840,0,1,7
"933",933,132500,0.37,0,19,13000,0,0,3,4,3,1988,0,1,5
"934",934,220000,1,0,43,22900,0,0,4,2,2,672,0,1,5
"935",935,160000,1.96,0,13,18400,0,0,4,2,2,1512,0,2,6
"936",936,156900,0.28,0,52,23200,0,0,4,2,2,1635,0,1.5,5
"937",937,138000,0.31,0,39,25100,0,0,2,2,3,1672,0,1.5,5
"938",938,166000,0.25,0,26,29000,0,1,2,2,3,1892,2,2,6
"939",939,195000,0.56,0,18,30800,0,0,2,3,3,1652,1,2,6
"940",940,295600,0.6,0,21,91600,0,1,2,2,2,2513,1,2.5,8
"941",941,460000,0.47,0,1,14100,0,1,2,2,3,3336,1,3.5,12
"942",942,126000,0.05,0,17,16000,0,1,2,2,3,1302,1,1.5,4
"943",943,220300,0.58,0,16,38200,0,1,2,2,3,2006,1,2,5
"944",944,175000,0.29,0,27,22700,0,1,2,2,3,1836,1,1.5,8
"945",945,255000,1,0,49,69600,0,0,4,2,2,1994,1,2,9
"946",946,185000,0.5,0,19,29000,0,0,2,3,3,1652,1,2,6
"947",947,234000,0.57,0,8,31100,0,0,2,2,3,1888,1,2.5,7
"948",948,133500,0.08,0,19,17200,0,1,2,2,3,1480,1,1.5,5
"949",949,151000,0.2,0,19,19000,0,0,3,4,3,1234,1,2,7
"950",950,157500,0.3,0,31,24500,0,0,2,2,3,1778,1,1.5,7
"951",951,285000,0.65,0,23,72000,0,1,2,2,3,2514,1,2.5,10
"952",952,217500,0.56,0,35,30800,0,0,2,3,3,2700,1,2.5,10
"953",953,300000,0.7,0,21,39200,0,1,2,2,3,2330,1,3.5,8
"954",954,161225,0.6,0,33,32000,0,0,2,3,3,2676,1,2.5,11
"955",955,217000,2.85,0,25,54700,0,1,3,4,2,2180,1,2,8
"956",956,250000,0.47,0,21,48300,0,1,2,2,3,2284,1,2.5,9
"957",957,124000,0.06,0,19,16400,0,0,3,4,3,1314,0,1.5,6
"958",958,248000,0.41,0,35,44300,0,0,2,2,2,2396,1,2.5,11
"959",959,187000,0.57,0,45,33200,0,0,2,3,2,2088,1,2,8
"960",960,195000,0.48,0,39,28200,0,0,2,3,3,2310,1,2.5,11
"961",961,239900,0.53,0,19,65800,0,1,2,2,3,2040,1,2.5,10
"962",962,475000,12.2,0,19,111300,0,1,3,2,2,2599,1,2.5,11
"963",963,246000,0.61,0,16,29100,0,0,2,3,3,1702,1,1.5,6
"964",964,219900,0.49,0,18,28600,0,0,2,3,3,2125,1,2.5,8
"965",965,193500,0.6,0,38,32000,0,0,2,3,3,2310,1,2.5,10
"966",966,122000,0.12,0,31,18200,0,1,2,2,3,1431,0,1.5,8
"967",967,118000,0.15,0,20,18500,0,0,2,3,3,924,0,1,7
"968",968,125000,0.77,0,126,36300,0,0,2,2,2,1799,1,1,6
"969",969,101000,0.26,0,23,18200,0,0,3,4,3,976,0,2,5
"970",970,249000,0.66,0,19,53000,0,1,2,2,3,2217,1,2.5,8
"971",971,180000,0.57,0,102,25800,0,0,4,3,2,1969,2,1,6
"972",972,292500,0.47,0,19,75200,0,1,2,2,3,2376,1,2.5,8
"973",973,199500,0.48,0,18,36700,0,0,2,3,3,1585,1,1.5,5
"974",974,205100,0.46,0,32,32700,0,0,2,2,3,1453,1,2,7
"975",975,330000,0.57,0,12,67300,0,1,4,2,3,2973,1,3,11
"976",976,179000,0.43,0,37,31400,0,0,2,2,3,1612,1,1.5,7
"977",977,342000,0.58,0,4,17400,0,1,2,2,3,2734,1,2.5,9
"978",978,145000,0.15,0,22,18500,0,1,3,4,3,1479,1,1.5,5
"979",979,66000,0.14,0,19,18400,0,1,3,4,3,945,0,1,3
"980",980,269900,0.4,0,25,25000,0,0,2,3,3,1938,1,2.5,8
"981",981,154000,0.1,0,174,32800,0,0,4,2,2,1364,1,1,9
"982",982,454900,0.5,0,2,15000,0,1,2,2,3,3242,1,2.5,11
"983",983,249900,0.42,0,23,57500,0,1,2,2,3,1571,2,2,7
"984",984,165000,0.09,0,21,17600,0,1,3,4,3,1314,1,1.5,6
"985",985,329000,0.46,0,3,16100,0,1,2,2,3,2413,1,1.5,11
"986",986,49387,0.48,0,56,31800,0,0,4,2,2,900,1,1,5
"987",987,445000,0.58,0,0,17400,0,1,2,2,3,3157,1,3.5,10
"988",988,73000,0.28,0,102,22400,0,0,4,3,2,908,1,1,7
"989",989,125000,0.13,0,20,18300,0,0,3,4,3,924,0,1,6
"990",990,146500,0.12,0,18,18200,0,1,3,4,3,1138,1,1,6
"991",991,209000,0.45,0,38,27000,0,0,2,3,3,2310,1,2.5,12
"992",992,196500,0.46,0,30,30400,0,0,2,2,3,1874,1,2,9
"993",993,157000,0.29,0,20,20300,0,0,3,4,3,1228,0,1.5,6
"994",994,125500,0.06,0,19,16400,0,1,2,2,3,1479,1,1.5,5
"995",995,190000,0.44,0,38,31800,0,0,2,2,3,1612,0,1.5,6
"996",996,250000,0.49,0,22,48800,0,1,3,4,3,2088,1,2.5,6
"997",997,255000,0.4,0,4,30000,0,0,2,2,3,2131,1,2.5,10
"998",998,129700,0.15,0,20,18500,0,0,2,2,3,924,1,1,5
"999",999,65000,0.34,0,74,24800,0,0,3,4,2,1692,0,1.5,8
"1000",1000,107000,0.28,0,82,12600,0,0,2,2,2,1568,0,1,7
"1001",1001,255000,0.57,0,35,33200,0,1,2,2,3,2262,1,2.5,9
"1002",1002,398000,0.61,0,8,71200,0,1,2,2,3,2960,1,2.5,10
"1003",1003,176000,0.45,0,31,27000,0,0,2,3,3,1683,1,2.5,8
"1004",1004,249900,0.86,0,36,35800,0,1,2,3,3,2680,1,3.5,12
"1005",1005,244900,0.38,0,26,40100,0,0,4,2,2,2742,1,3,8
"1006",1006,220000,0.5,0,30,29000,0,0,2,3,3,2012,1,2.5,10
"1007",1007,241000,0.35,0,31,27800,0,0,2,2,3,2702,1,1.5,9
"1008",1008,159900,0.13,0,21,18300,0,1,2,2,3,1314,1,1.5,6
"1009",1009,177555,0.56,0,38,34800,0,0,2,2,3,1672,1,1.5,8
"1010",1010,95000,0.2,0,55,7700,0,0,4,2,2,1200,0,1,4
"1011",1011,5000,0.29,0,4,35800,0,1,2,2,3,1700,1,2.5,6
"1012",1012,264900,0.5,0,40,29000,0,0,2,3,3,2652,1,3.5,12
"1013",1013,315000,0.77,0,16,74400,0,1,2,3,3,3062,1,2.5,9
"1014",1014,155000,0.09,0,25,17600,0,1,2,2,3,1290,1,1.5,5
"1015",1015,130000,0.22,0,23,15400,0,0,3,4,3,1012,0,2,5
"1016",1016,238000,0.71,0,35,35100,0,0,2,3,3,2310,1,2.5,7
"1017",1017,224000,0.33,0,31,26500,0,0,2,2,3,2026,1,2.5,7
"1018",1018,211000,1,0,18,31800,0,1,2,2,1,1404,0,1,6
"1019",1019,279000,0.23,0,13,34100,0,1,2,2,2,1782,0,1,8
"1020",1020,242000,0.11,0,15,42000,0,1,2,2,3,2002,1,2.5,8
"1021",1021,199875,0.61,0,36,35100,0,1,2,2,3,1782,1,1.5,7
"1022",1022,259900,0.46,0,11,27400,0,1,4,2,3,2212,1,2.5,10
"1023",1023,200000,1.28,0,84,34600,0,1,4,4,2,1872,0,1,7
"1024",1024,212000,0.71,0,36,35100,0,0,2,3,3,1804,1,2.5,7
"1025",1025,230000,0.47,0,41,27800,0,0,2,3,3,1910,1,2.5,5
"1026",1026,189000,0.42,0,28,30900,0,1,2,2,3,1632,1,1.5,7
"1027",1027,313635,1.93,0,16,131500,0,1,2,2,2,3824,2,4,12
"1028",1028,185000,0.48,0,32,33600,0,0,2,2,3,1196,0,1.5,5
"1029",1029,239900,0.42,0,30,23200,0,1,2,3,3,2259,1,2.5,11
"1030",1030,202000,0.48,0,39,25400,0,1,2,3,3,1690,1,2,6
"1031",1031,155000,0.12,0,19,18200,0,1,2,3,3,1227,1,2,6
"1032",1032,120000,1.48,0,57,36000,0,0,2,2,2,1278,1,1,7
"1033",1033,78000,0.33,0,77,33500,0,0,4,2,2,668,0,1,2
"1034",1034,311000,0.46,0,17,60500,0,1,2,3,3,2762,1,2.5,8
"1035",1035,198000,0.32,0,38,42500,0,0,2,2,2,1558,1,1,4
"1036",1036,158500,0.92,0,11,36100,0,0,3,4,2,1352,0,2,5
"1037",1037,227000,0.46,0,37,27400,0,0,2,3,3,1920,1,2.5,9
"1038",1038,265900,0.34,0,6,36000,0,0,2,2,3,1940,1,2.5,7
"1039",1039,163000,0.23,0,30,19300,0,0,2,2,3,1249,0,1.5,8
"1040",1040,165000,0.28,0,27,19600,0,0,2,3,3,1576,0,2.5,4
"1041",1041,151000,0.07,0,30,16800,0,1,2,2,3,1419,0,1.5,4
"1042",1042,200000,0.29,0,4,35800,0,1,2,2,3,1700,1,2.5,7
"1043",1043,299900,0.77,0,15,38700,0,1,2,2,3,2748,1,3.5,8
"1044",1044,210000,0.33,0,18,35500,0,1,2,2,3,1792,1,2.5,7
"1045",1045,220000,0.66,0,36,35300,0,0,3,4,2,1724,0,1.5,8
"1046",1046,326900,1,0,15,83600,0,1,2,2,3,2692,1,3.5,8
"1047",1047,204900,0.39,0,29,24600,0,0,4,3,3,1734,1,2.5,7
"1048",1048,234000,0.31,0,32,25100,0,0,2,2,3,2014,1,1.5,7
"1049",1049,236000,0.42,0,36,30900,0,0,2,2,3,2056,1,1.5,9
"1050",1050,124000,0.46,0,36,32700,0,0,2,2,3,1745,0,1.5,6
"1051",1051,199100,0.14,0,13,18400,0,1,2,2,3,1352,1,1.5,5
"1052",1052,245000,0.5,0,30,29000,0,0,2,3,3,2259,1,2.5,9
"1053",1053,264000,0.35,0,33,35300,0,0,2,2,2,2572,1,2.5,11
"1054",1054,105000,0.15,0,18,18500,0,0,3,4,3,924,1,1,7
"1055",1055,187000,0.32,0,21,35000,0,1,2,2,3,2000,0,1.5,7
"1056",1056,127000,0.17,0,21,11900,0,1,2,2,3,929,0,1.5,6
"1057",1057,100000,0.48,0,42,15800,0,0,4,2,2,1540,0,1,7
"1058",1058,251000,0.77,0,44,47000,0,1,4,2,2,1730,1,2,9
"1059",1059,105000,0.95,0,50,36800,0,0,4,3,2,1500,1,1,5
"1060",1060,431250,0.53,0,10,65800,0,1,2,2,3,2522,1,2.5,12
"1061",1061,149900,0.06,0,19,16400,0,1,3,4,3,1479,1,1.5,4
"1062",1062,180000,0.46,0,36,32700,0,1,2,2,3,1922,1,1.5,9
"1063",1063,123500,0.18,0,20,12600,0,0,2,2,3,1215,1,1.5,5
"1064",1064,253000,0.47,0,33,33200,0,1,2,2,3,2772,2,3,12
"1065",1065,330000,0.47,0,6,16500,0,0,2,2,3,2574,0,2.5,12
"1066",1066,124500,0.19,0,21,18900,0,0,3,4,3,945,0,1,3
"1067",1067,424200,1.82,0,19,130700,0,1,2,2,3,2914,1,3.5,10
"1068",1068,120000,0.21,0,19,14700,0,1,3,4,3,1480,0,1.5,7
"1069",1069,205000,0.42,0,32,29400,0,0,2,2,3,1914,1,1.5,5
"1070",1070,175000,0.36,0,27,37000,0,1,2,2,3,1354,1,2,5
"1071",1071,295000,0.49,0,4,36900,0,1,2,2,3,2302,1,2.5,7
"1072",1072,156500,0.21,0,19,19100,0,1,3,4,3,1234,1,2,6
"1073",1073,143000,0.09,0,18,17600,0,1,3,4,3,1480,0,1.5,6
"1074",1074,215000,0.29,0,27,33000,0,1,2,2,3,1665,1,2,5
"1075",1075,287000,0.4,0,6,12000,0,0,2,2,3,2182,1,2.5,10
"1076",1076,122500,0.23,0,18,19300,0,0,3,4,3,924,1,1,7
"1077",1077,180000,1,0,19,49300,0,0,3,4,3,1220,0,2,5
"1078",1078,143000,0.09,0,18,17600,0,1,3,4,3,1480,0,1.5,8
"1079",1079,137000,0.08,0,21,17200,0,0,3,4,3,1375,1,1.5,3
"1080",1080,271000,0.47,0,22,61300,0,1,2,2,3,2003,1,2.5,7
"1081",1081,129900,0.07,0,15,1800,0,1,2,2,3,1480,1,2.5,5
"1082",1082,133000,0.06,0,15,1600,0,1,2,2,3,1480,0,1.5,6
"1083",1083,179000,0.25,0,11,8300,0,1,2,2,3,1456,0,1,8
"1084",1084,302000,0.72,0,5,27200,0,0,2,2,2,1888,1,2.5,9
"1085",1085,168000,0.92,0,28,8700,0,0,4,2,2,1112,0,1,8
"1086",1086,120000,0.19,0,16,3400,0,0,2,2,3,1480,1,1.5,6
"1087",1087,119000,0.07,0,15,1800,0,1,3,2,3,1480,1,2.5,3
"1088",1088,168000,0.35,0,27,7900,0,1,2,3,2,1836,0,2,5
"1089",1089,124900,0.98,0,96,16100,0,0,4,3,3,1522,0,2,7
"1090",1090,415000,2.92,0,1,20000,0,1,2,2,2,2709,1,2.5,10
"1091",1091,150000,0.99,0,10,9900,0,1,4,2,2,1020,0,2,5
"1092",1092,310000,4,0,20,14000,0,0,2,3,2,2208,1,2,10
"1093",1093,157000,0.46,0,18,7800,0,0,3,4,2,1368,0,1,7
"1094",1094,205000,0.8,0,28,18000,0,0,2,2,2,2488,1,2.5,7
"1095",1095,275000,0.46,0,7,18400,0,0,2,2,3,1865,0,2.5,8
"1096",1096,320000,0.46,0,10,18400,0,1,2,2,2,3174,0,4,12
"1097",1097,380000,0.74,0,17,23000,0,1,2,2,2,2944,1,2.5,12
"1098",1098,119900,0.46,0,23,7800,0,0,2,2,2,960,0,1,4
"1099",1099,345000,0.82,0,15,15000,0,0,2,2,2,3142,1,2.5,11
"1100",1100,145000,0.46,0,32,11500,0,0,4,2,2,1666,1,2,9
"1101",1101,123000,0.07,0,77,14100,0,0,4,2,2,708,1,1,7
"1102",1102,202500,0.79,0,17,17900,0,1,4,2,2,1598,1,2,8
"1103",1103,182000,1,0,13,4000,0,1,2,2,2,1564,1,2,4
"1104",1104,175000,0.63,0,14,5500,0,0,2,2,2,1224,0,1.5,7
"1105",1105,132500,0.21,0,77,3500,0,0,2,2,3,1379,0,1,7
"1106",1106,239000,0.41,0,41,25400,0,0,2,3,3,2310,1,2.5,7
"1107",1107,86125,0.01,0,14,1200,0,0,2,3,3,960,0,1.5,6
"1108",1108,245000,1.28,0,16,50000,0,0,3,4,2,960,0,1,8
"1109",1109,229900,1.64,0,52,25700,0,0,2,3,2,1820,2,2.5,7
"1110",1110,129000,0.33,0,95,2500,0,0,4,3,2,1632,0,2,4
"1111",1111,200000,0.09,0,90,5900,0,0,2,2,3,1594,0,2,3
"1112",1112,144200,1.19,0,16,17900,0,0,4,3,2,1290,0,2,5
"1113",1113,166000,0.4,0,11,300,0,0,2,2,2,1560,0,1.5,7
"1114",1114,178000,0.9,0,46,7400,0,0,4,2,2,1453,1,1.5,7
"1115",1115,165000,1,0,40,17000,0,0,4,3,2,1664,1,2,8
"1116",1116,218000,0.1,0,18,16200,0,1,3,4,2,2169,1,2.5,10
"1117",1117,175000,0.02,0,9,20000,0,0,2,2,2,1420,0,1,8
"1118",1118,145000,0.18,0,71,3100,0,0,2,2,3,1441,0,1.5,8
"1119",1119,195000,0.76,0,4,18100,0,0,2,2,2,1016,0,1.5,5
"1120",1120,288139,0.46,0,0,15200,1,0,2,2,3,2947,1,2.5,10
"1121",1121,187500,0.59,0,11,16700,0,0,4,2,2,1652,0,1.5,5
"1122",1122,255000,0.91,0,105,13200,0,0,4,2,2,1927,0,1.5,7
"1123",1123,145000,1,0,11,16000,0,0,2,2,2,960,0,1,5
"1124",1124,183000,0.46,0,28,15700,0,0,3,4,2,1804,1,1.5,7
"1125",1125,318310,0.23,0,1,72300,0,0,2,2,2,2616,1,2.5,8
"1126",1126,192500,1.2,0,42,17900,0,0,4,2,2,1116,0,1.5,6
"1127",1127,195000,1,0,52,19200,0,0,4,3,2,2147,1,1.5,7
"1128",1128,138000,0.87,0,36,17400,0,0,4,2,2,876,2,1.5,3
"1129",1129,230000,0.79,0,26,16100,0,0,3,4,2,2102,1,2.5,10
"1130",1130,237500,1,0,15,12100,0,0,4,2,2,1776,1,1.5,5
"1131",1131,375000,4.84,0,3,21500,0,1,2,3,2,1996,1,3,8
"1132",1132,105000,0.16,0,165,7200,0,0,2,2,3,1759,0,1,5
"1133",1133,168000,1,0,10,16200,0,0,2,2,2,1014,0,1,7
"1134",1134,221000,0.29,0,5,7400,0,0,2,3,3,2270,0,2.5,10
"1135",1135,135000,0.31,0,85,3400,0,0,4,2,3,1548,0,1.5,8
"1136",1136,129900,0.39,0,3,15000,0,0,2,2,3,1620,0,2,4
"1137",1137,344100,1.05,0,40,49800,0,1,2,2,2,2608,2,2.5,8
"1138",1138,112000,1,0,15,24500,0,0,3,4,2,1080,0,2,4
"1139",1139,380000,0.3,1,76,38300,0,1,2,2,3,1140,0,2,5
"1140",1140,125000,0.6,0,34,2700,0,0,2,2,2,1152,0,1,5
"1141",1141,145000,5.52,0,20,5900,0,0,3,4,2,1056,0,1,7
"1142",1142,190000,0.48,0,2,13400,0,0,2,4,2,1257,0,2,8
"1143",1143,135000,0.15,0,25,7200,0,0,2,3,3,936,1,1.5,3
"1144",1144,58500,0.04,0,30,1400,0,0,3,4,3,1140,0,1.5,5
"1145",1145,80500,0.01,0,14,1200,0,0,2,3,3,960,0,1.5,3
"1146",1146,150410,0.25,0,6,15000,0,0,2,2,3,1058,0,1.5,4
"1147",1147,170000,1,0,29,23000,0,0,3,4,2,768,0,1,6
"1148",1148,242551,2,0,14,38900,0,0,4,2,2,2048,1,2.5,10
"1149",1149,176500,0.29,0,7,1100,0,0,2,2,3,1198,1,2,3
"1150",1150,212000,1,0,27,5000,0,1,3,4,2,2430,0,1,9
"1151",1151,135000,0.41,0,35,1300,0,0,4,3,2,918,0,1,7
"1152",1152,215000,0.89,0,46,4500,0,1,4,2,2,2722,1,1.5,11
"1153",1153,262000,0.46,0,0,11100,0,0,2,2,3,2364,1,2.5,8
"1154",1154,155000,1,0,15,5000,0,0,4,3,2,1440,0,1,4
"1155",1155,207000,0.27,0,27,4600,0,0,4,2,3,1744,0,1,7
"1156",1156,185000,0.14,0,105,600,0,0,4,3,3,2280,0,1.5,10
"1157",1157,92200,0.42,0,130,1700,0,0,4,3,3,1736,0,2,5
"1158",1158,111000,0.74,0,95,2700,0,0,4,2,2,883,0,1,2
"1159",1159,97000,0.1,0,145,600,0,0,2,3,3,1001,0,1,5
"1160",1160,200000,1.73,0,34,11500,0,0,4,3,2,1296,0,1,5
"1161",1161,230000,0.47,0,14,16400,0,0,3,4,2,2304,1,2.5,9
"1162",1162,299900,0.62,0,13,28500,0,0,2,2,2,2076,1,2.5,9
"1163",1163,183855,0.34,0,51,19000,0,0,4,2,2,1468,0,1,5
"1164",1164,174900,0.34,0,50,19000,0,0,2,3,2,1272,1,1.5,5
"1165",1165,335000,3.28,0,11,39900,0,1,4,2,2,1900,1,2.5,9
"1166",1166,208000,0.47,0,53,23700,0,0,4,3,2,1548,0,1.5,8
"1167",1167,380000,2,0,35,36600,0,0,3,4,2,2212,1,1.5,8
"1168",1168,289900,0.3,0,0,35800,0,0,2,2,3,2376,1,2.5,10
"1169",1169,188000,0.41,0,33,13500,0,1,4,2,2,1712,1,1.5,7
"1170",1170,600000,0.99,0,1,5000,0,1,2,2,3,2660,1,3.5,8
"1171",1171,262000,0.29,0,5,25000,0,1,4,3,2,1487,0,3,5
"1172",1172,220000,2.03,0,30,10200,0,0,3,4,2,1532,1,1.5,8
"1173",1173,275000,0.61,0,21,16100,0,1,2,2,2,2486,1,2.5,11
"1174",1174,215000,0.46,0,25,13800,0,0,2,2,2,1918,0,2,8
"1175",1175,100000,0.51,0,47,14600,0,0,4,3,3,1270,0,1,7
"1176",1176,158500,0.17,0,19,15200,0,0,3,4,3,1406,0,1.5,7
"1177",1177,148900,0.15,0,18,15100,0,0,3,4,3,1385,0,1.5,6
"1178",1178,218000,0.45,0,16,25000,0,0,2,2,2,1300,0,1.5,4
"1179",1179,355840,0.87,0,0,108900,1,0,2,2,3,3259,1,2.5,10
"1180",1180,168000,0.08,0,9,1000,0,1,2,2,2,1536,0,1.5,7
"1181",1181,171000,0.58,0,14,19000,0,0,4,2,1,1636,1,1.5,9
"1182",1182,195000,0.41,0,15,18700,0,0,2,2,2,1944,1,1.5,7
"1183",1183,201880,0.46,0,19,18800,0,0,2,2,2,1676,1,2,7
"1184",1184,145000,0.47,0,12,10700,0,1,2,2,2,1040,0,1,5
"1185",1185,206000,0.01,0,13,1000,0,1,2,2,2,1800,1,2.5,7
"1186",1186,78000,0.14,0,85,7800,0,0,4,2,2,1394,1,1.5,6
"1187",1187,320900,0.47,1,5,20400,0,0,4,3,2,1885,1,2,7
"1188",1188,159000,0.61,0,1,19500,0,0,4,3,2,1056,0,2,4
"1189",1189,180000,0.16,0,38,54900,0,0,2,2,3,1593,0,1.5,4
"1190",1190,129900,0.05,0,125,45000,0,0,4,3,3,1436,0,1,5
"1191",1191,150000,0.38,0,34,57800,0,0,2,2,3,1668,1,1.5,5
"1192",1192,171134,0.25,0,35,50000,0,0,2,2,3,1302,0,2,4
"1193",1193,151000,0.37,0,33,57200,0,1,2,2,3,1239,1,1,7
"1194",1194,100000,0.31,0,85,64400,0,0,4,3,3,840,0,1,3
"1195",1195,655000,0.19,0,55,103000,0,0,2,2,3,780,0,1.5,6
"1196",1196,243500,0.29,0,3,64400,0,1,2,2,3,1728,0,2.5,7
"1197",1197,265000,0.18,0,140,56700,0,0,2,2,3,1666,0,1,8
"1198",1198,400000,0.24,0,4,75400,0,1,2,2,3,2022,1,2.5,7
"1199",1199,272800,0.08,0,46,183300,0,0,2,2,2,2225,1,2,9
"1200",1200,255000,0.17,0,115,53700,0,0,2,2,3,1023,0,1,6
"1201",1201,220000,0.13,0,17,51400,0,1,3,4,3,1290,0,1.5,4
"1202",1202,775000,0.48,0,31,72600,0,1,2,2,3,3968,4,3.5,12
"1203",1203,233000,0.14,0,129,93000,0,0,2,3,3,1699,0,1,9
"1204",1204,216977,0.48,0,27,57800,0,0,2,3,3,2137,0,1,9
"1205",1205,245000,0.03,0,5,27000,0,1,2,2,3,1428,1,2.5,4
"1206",1206,159000,0.24,0,35,49100,0,1,2,2,3,936,0,1,8
"1207",1207,725000,0.21,0,3,70600,0,1,2,2,3,2586,1,3,10
"1208",1208,268300,0.16,0,6,36800,0,0,2,2,3,1373,1,2,5
"1209",1209,159000,0.28,0,33,51800,0,0,2,2,3,1272,0,1,6
"1210",1210,155000,0.3,0,33,53000,0,1,2,2,3,1368,1,2,8
"1211",1211,345000,0.29,0,18,46400,0,1,2,2,3,2120,1,2.5,11
"1212",1212,165200,0.3,0,34,53000,0,0,2,2,3,1279,0,1,5
"1213",1213,185000,0.53,0,35,66500,0,1,2,2,3,1104,0,1,3
"1214",1214,225500,0.28,0,41,64000,0,0,2,3,3,1092,1,1,4
"1215",1215,420000,0.11,0,121,87000,0,0,2,3,3,2247,0,2,10
"1216",1216,220000,0.18,0,53,101000,0,0,2,3,3,1146,0,1.5,7
"1217",1217,620000,0.53,0,23,225800,0,0,2,2,3,3250,2,2.5,10
"1218",1218,260000,0.35,0,18,50000,0,1,2,2,3,1920,1,2.5,10
"1219",1219,359900,0.5,0,0,65000,0,0,2,2,3,1932,1,2,7
"1220",1220,375000,0.14,0,4,112100,0,1,2,2,3,1620,0,2.5,7
"1221",1221,302900,0.22,0,50,72000,0,0,2,3,3,1640,0,1,4
"1222",1222,175000,0.17,0,39,55800,0,0,2,2,3,1040,0,1.5,6
"1223",1223,260000,5.35,0,37,137800,0,1,4,2,2,1676,0,2,8
"1224",1224,270000,0.33,0,16,48800,0,1,2,2,3,1991,1,2.5,6
"1225",1225,485000,0.24,0,17,60200,0,1,2,2,3,1908,1,3.5,9
"1226",1226,200000,0.57,0,85,62500,0,0,4,2,3,966,0,1,4
"1227",1227,367000,0.03,0,19,27000,0,1,2,2,3,1815,1,2.5,5
"1228",1228,175000,0.3,0,32,53000,0,0,2,2,3,1664,0,1,7
"1229",1229,203000,0.04,0,19,25600,0,1,2,2,3,1216,1,2,4
"1230",1230,170000,0.16,0,33,54900,0,1,2,2,3,1564,0,2,7
"1231",1231,375000,0.31,0,32,143200,0,1,2,2,3,2752,1,2.5,10
"1232",1232,159900,0.25,0,35,50000,0,0,2,2,3,936,0,1,4
"1233",1233,230000,0.14,0,95,50800,0,0,2,2,3,1617,0,1.5,9
"1234",1234,375000,0.12,0,69,195000,0,0,2,3,3,1452,1,2,5
"1235",1235,421000,0.31,0,5,80600,0,1,2,2,3,1911,1,2.5,6
"1236",1236,218000,0.28,0,31,80800,0,1,2,2,3,1580,0,1.5,4
"1237",1237,167850,0.27,0,34,51200,0,1,2,2,3,1920,1,1,5
"1238",1238,252500,0.21,0,80,115000,0,0,2,3,3,1155,0,1.5,7
"1239",1239,650000,0.34,0,3,82400,0,1,2,2,3,3770,1,2.5,12
"1240",1240,380000,0.04,0,18,36000,0,1,2,2,3,1675,1,2.5,6
"1241",1241,214500,0.21,0,33,107000,0,0,2,2,3,912,0,1,4
"1242",1242,218500,0.17,0,115,55800,0,0,2,3,3,1510,0,1,8
"1243",1243,174000,0.16,0,35,54900,0,1,2,2,3,864,0,1,6
"1244",1244,225000,0.46,0,35,62600,0,1,2,2,3,1600,0,2,6
"1245",1245,309750,0.07,0,15,48200,0,1,2,2,3,1744,1,2.5,5
"1246",1246,658300,0.69,0,3,101500,0,1,2,2,3,3208,1,2.5,11
"1247",1247,203000,0.06,0,16,45800,0,1,2,2,3,1290,0,1.5,7
"1248",1248,375000,0.03,0,19,27000,0,1,2,2,3,1900,1,2.5,7
"1249",1249,62500,1,0,25,24700,0,0,4,2,2,2808,0,1,11
"1250",1250,205000,0.19,0,18,7300,0,0,2,2,3,1576,0,1.5,4
"1251",1251,84500,0.2,0,135,7300,0,0,2,3,3,1118,0,1,5
"1252",1252,280500,1.09,0,8,23000,0,1,2,2,2,1752,2,2,6
"1253",1253,182000,0.02,0,32,22500,0,0,3,4,2,1753,0,1.5,5
"1254",1254,571000,1,0,14,128500,0,1,2,2,1,2186,0,2.5,10
"1255",1255,168000,0.25,0,35,50000,0,0,2,2,3,1800,0,1,5
"1256",1256,354000,0.46,0,30,56600,0,1,2,2,3,2462,1,2.5,10
"1257",1257,238000,0.2,0,50,70000,0,0,2,3,3,1286,0,2,10
"1258",1258,182000,0.16,0,35,97000,0,1,2,2,3,1337,0,1,8
"1259",1259,218500,0.17,0,5,37600,0,0,2,2,3,1170,1,2.5,4
"1260",1260,227500,0.55,0,53,73400,0,0,2,2,3,1185,0,1,4
"1261",1261,375000,0.5,0,19,59000,0,1,2,2,3,2424,1,2.5,8
"1262",1262,399900,0.09,0,125,83000,0,0,2,3,3,1828,0,1.5,7
"1263",1263,360000,0.34,0,41,80000,0,1,3,4,2,2176,1,2.5,8
"1264",1264,412500,0.39,0,4,85400,0,1,2,2,3,2000,1,2.5,6
"1265",1265,268500,0.18,0,10,38400,0,1,2,2,3,1340,1,2.5,8
"1266",1266,300300,0.13,0,52,63000,0,0,2,2,3,1208,0,1,6
"1267",1267,382500,0.19,0,2,57600,0,1,2,2,3,2244,1,2.5,10
"1268",1268,189000,0.3,0,31,53000,0,0,2,2,3,1592,1,1.5,7
"1269",1269,295000,0.39,0,17,52400,0,1,2,2,3,1831,1,2.5,7
"1270",1270,220000,0.01,0,37,182600,0,0,2,3,2,1093,1,1.5,5
"1271",1271,223000,0.12,0,110,89000,0,0,2,3,3,1460,0,1,5
"1272",1272,399000,0.25,0,152,115000,0,0,2,3,3,2128,1,1.5,10
"1273",1273,169480,0.24,0,30,49100,0,0,2,2,3,1368,0,1,5
"1274",1274,347750,0.15,0,1,36000,0,1,2,2,3,2200,1,2.5,8
"1275",1275,455000,0.25,0,23,61000,0,1,2,2,3,2310,1,3,8
"1276",1276,249900,0.04,0,12,25600,0,1,2,2,3,1776,1,2.5,7
"1277",1277,250000,0.05,0,8,32000,0,1,3,4,3,1852,0,2.5,9
"1278",1278,265000,0.32,0,42,144900,0,1,2,2,3,1092,0,2,4
"1279",1279,670000,0.11,0,121,87000,0,0,2,3,3,2247,0,2,8
"1280",1280,195000,0.11,0,19,49800,0,1,2,2,3,1311,0,1.5,8
"1281",1281,360000,0.13,0,4,110200,0,1,2,2,3,1392,0,2.5,4
"1282",1282,175000,0.4,0,33,59000,0,1,2,2,3,1116,0,1.5,8
"1283",1283,166500,0.1,0,115,49500,0,0,2,2,3,812,0,1,4
"1284",1284,190100,0.48,0,27,31700,0,0,2,2,2,1872,1,2.5,8
"1285",1285,180500,0.75,0,8,20500,0,1,3,2,3,1248,0,2,5
"1286",1286,440000,0.19,1,3,97300,0,0,2,3,2,1702,0,2,4
"1287",1287,170000,0.51,0,57,13300,0,0,4,3,2,1346,1,1,4
"1288",1288,220000,0.63,0,20,17700,0,0,2,3,2,1596,1,2,6
"1289",1289,70500,0.09,0,57,1000,0,0,2,2,3,884,0,1,7
"1290",1290,65000,0.13,0,137,700,0,0,2,2,2,814,0,1,3
"1291",1291,127500,0.19,0,71,3200,0,0,2,2,3,720,0,1,5
"1292",1292,155000,0.57,0,28,2600,0,0,3,4,2,2051,0,1,5
"1293",1293,255500,0.92,0,11,2600,0,1,4,2,2,1590,1,2,6
"1294",1294,136000,0.35,0,39,1600,0,0,3,4,2,1202,0,1,6
"1295",1295,204000,0.86,0,16,4300,0,0,4,3,2,2016,0,1.5,5
"1296",1296,200000,0.8,0,6,2000,0,0,2,2,2,1274,1,2,6
"1297",1297,163000,0.36,0,40,3600,0,0,4,2,2,960,0,1,5
"1298",1298,149350,0.44,0,47,4000,0,1,2,2,2,1056,0,1,6
"1299",1299,235000,0.25,0,12,5200,0,1,4,2,2,1820,0,3.5,8
"1300",1300,260000,0.65,0,27,16500,0,0,2,2,2,2486,1,2.5,7
"1301",1301,210000,0.46,0,27,13800,0,1,2,2,2,1890,0,2.5,9
"1302",1302,159900,0.7,0,84,4600,0,0,4,3,2,1274,1,1,6
"1303",1303,209000,0.55,0,14,3000,0,1,4,2,2,1716,0,2,6
"1304",1304,135000,0.35,0,22,12000,0,1,3,4,2,1336,1,1.5,4
"1305",1305,200000,0.96,0,45,8700,0,0,2,2,2,1392,0,1,5
"1306",1306,432600,0.54,0,1,20400,0,1,2,2,2,2346,0,2.5,10
"1307",1307,195000,0.47,0,19,14100,0,0,2,2,2,1475,0,1.5,7
"1308",1308,165000,0.52,0,16,5500,0,0,3,4,2,1248,0,2,6
"1309",1309,198000,0.15,0,16,10000,1,1,3,4,2,1920,1,2.5,10
"1310",1310,219000,0.65,0,2,4000,0,0,4,2,2,2040,0,2.5,8
"1311",1311,430000,1.34,1,15,75700,0,0,3,4,2,2649,1,3,7
"1312",1312,120000,0.17,0,105,4100,0,0,4,2,2,1500,0,1,6
"1313",1313,373735,0.53,0,1,233000,1,1,2,2,3,3163,1,2.5,10
"1314",1314,183853,0.14,0,18,19600,0,1,2,2,3,1343,1,1.5,4
"1315",1315,213500,0.46,0,17,36600,0,1,2,2,3,1573,1,2,5
"1316",1316,155000,0.09,0,18,20500,0,1,3,4,3,1270,1,1.5,4
"1317",1317,197000,0.41,0,14,26700,0,0,2,2,3,1316,0,1.5,8
"1318",1318,392499,0.48,0,11,47400,0,1,2,2,3,3092,1,2.5,11
"1319",1319,229900,0.44,0,7,24200,0,0,2,2,3,1328,1,2.5,8
"1320",1320,289250,0.42,0,14,28500,0,0,4,3,2,2560,1,2.5,12
"1321",1321,189900,0.12,0,17,16800,0,1,2,2,3,1343,1,2.5,6
"1322",1322,397200,0.46,0,1,3200,1,1,2,2,3,3250,1,3,12
"1323",1323,389405,0.35,0,1,233000,1,1,2,2,3,3086,1,2.5,8
"1324",1324,135000,0.66,0,155,25200,0,0,4,3,2,1080,1,1,3
"1325",1325,174000,0.13,0,16,18200,0,1,2,2,3,1120,1,1.5,6
"1326",1326,525000,0.46,0,1,70100,0,1,2,2,3,2876,1,3.5,12
"1327",1327,135000,0.01,0,19,9900,0,1,3,4,3,1281,0,2.5,3
"1328",1328,412000,0.62,0,9,57800,0,1,2,2,3,2900,1,2.5,10
"1329",1329,186000,0.08,0,18,20400,0,1,2,2,3,1512,1,1.5,7
"1330",1330,453935,0.58,0,1,233000,1,1,2,2,3,2879,1,2.5,9
"1331",1331,355000,0.69,0,3,43700,0,1,2,2,3,2537,1,2,11
"1332",1332,186000,0.35,0,37,23500,0,0,2,3,3,1056,0,1,4
"1333",1333,197000,0.14,0,16,19600,0,0,2,2,3,1296,1,1.5,6
"1334",1334,180000,0.13,0,18,20900,0,1,3,4,3,1512,1,1.5,3
"1335",1335,178000,0.47,0,27,32000,0,0,4,2,3,1338,1,2,7
"1336",1336,305000,0.33,0,10,35400,0,1,2,2,3,2368,1,2.5,7
"1337",1337,262000,0.46,0,8,25100,0,1,2,2,3,1528,0,2.5,4
"1338",1338,225000,0.89,0,27,30900,0,1,2,2,3,1857,1,2.5,8
"1339",1339,403040,0.49,0,0,233000,1,1,2,2,3,3320,1,2.5,12
"1340",1340,388500,0.46,0,14,36600,0,1,2,2,3,2227,1,2.5,10
"1341",1341,417000,0.13,0,6,46500,0,1,2,2,3,2742,1,2.5,11
"1342",1342,410000,0.5,0,9,37800,0,0,2,2,3,2988,1,2.5,11
"1343",1343,170000,0.35,0,17,37000,0,1,2,2,3,1656,1,1.5,8
"1344",1344,295000,0.01,0,9,28400,0,0,2,2,3,1760,1,2.5,5
"1345",1345,216000,0.38,0,39,25000,0,0,2,2,3,1702,1,1.5,8
"1346",1346,221649,0.37,0,38,24500,0,0,2,3,3,1682,1,1.5,4
"1347",1347,199900,0.21,0,17,28800,0,1,2,2,3,1180,1,1.5,4
"1348",1348,463000,0.64,0,3,153800,0,1,2,2,3,2885,1,2.5,10
"1349",1349,146500,0.02,0,20,14900,0,1,3,4,3,1281,0,2.5,3
"1350",1350,225000,0.24,0,18,29500,0,1,2,2,3,1596,1,2,4
"1351",1351,160000,0.16,0,21,15100,0,0,3,4,3,1184,0,2,4
"1352",1352,275055,0.46,0,1,108900,1,1,2,2,3,2745,1,3,8
"1353",1353,315513,0.46,0,1,108900,1,1,2,2,3,2680,1,2.5,11
"1354",1354,323759,0.35,0,1,108900,1,0,2,2,3,2483,1,2.5,10
"1355",1355,167500,0.92,0,19,25000,0,0,4,2,2,1188,0,1,4
"1356",1356,272699,0.3,0,1,108900,1,1,2,2,3,2366,1,3,7
"1357",1357,177500,0.31,0,19,27000,0,0,2,2,3,1508,1,1.5,4
"1358",1358,128000,1,0,50,20500,0,0,4,3,2,792,0,1,4
"1359",1359,317105,0.44,0,1,108900,0,0,2,2,3,3285,1,2.5,10
"1360",1360,144500,0.15,0,18,15100,0,0,2,4,3,1673,0,2,5
"1361",1361,260000,0.33,0,7,26000,0,0,2,2,3,2000,0,2.5,7
"1362",1362,244000,0.33,0,18,27000,0,0,3,4,3,1561,1,1.5,4
"1363",1363,287989,0.4,0,1,108900,1,1,2,2,3,2828,1,3,9
"1364",1364,159000,0.16,0,18,15100,0,0,3,4,3,1592,0,1.5,8
"1365",1365,167000,0.16,0,18,15100,0,0,3,4,3,1184,0,2,8
"1366",1366,348000,0.17,0,14,10200,0,1,4,2,3,1708,1,2,4
"1367",1367,140000,0.17,0,26,15200,0,1,3,2,3,1276,1,2,6
"1368",1368,145000,0.15,0,20,15100,0,0,3,4,3,1184,0,1.5,3
"1369",1369,150450,0.17,0,21,15800,0,0,3,4,3,908,0,1,5
"1370",1370,230000,0.95,0,15,32800,0,0,2,3,2,1612,1,2,6
"1371",1371,147423,0.16,0,19,15700,0,0,3,4,3,912,1,1.5,3
"1372",1372,223000,0.33,0,17,27000,0,0,3,4,3,1508,1,1.5,6
"1373",1373,167500,0.16,0,18,15100,0,0,3,4,3,1492,0,2.5,6
"1374",1374,299000,0.1,0,25,6000,0,0,3,4,3,874,1,1,5
"1375",1375,235900,0.59,0,33,26400,0,0,2,3,3,1573,1,2.5,6
"1376",1376,147000,0.24,0,115,7200,0,0,2,2,3,1227,1,1,5
"1377",1377,305000,0.53,0,13,31300,0,0,2,2,2,2494,1,2.5,7
"1378",1378,154000,0.17,0,21,15800,0,0,3,4,3,912,0,1.5,7
"1379",1379,149000,0.15,0,20,15700,0,0,3,4,3,988,0,1,7
"1380",1380,300279,0.54,0,1,108900,1,0,2,2,2,2762,1,3,9
"1381",1381,278000,0.64,0,33,26500,0,0,2,3,3,2625,1,2.5,10
"1382",1382,202000,0.47,0,28,24600,0,0,3,4,3,1222,0,1,6
"1383",1383,328463,0.49,0,1,108900,1,1,2,2,3,3144,1,2.5,10
"1384",1384,185000,0.45,0,16,25000,0,0,2,2,2,1173,1,1,5
"1385",1385,128000,0.17,0,21,15800,0,0,3,4,3,908,0,1,3
"1386",1386,335000,0.92,0,16,32700,0,1,2,3,2,2274,1,2.5,10
"1387",1387,148900,0.16,0,18,15700,0,0,2,4,3,908,0,1,4
"1388",1388,229900,0.43,0,16,25000,0,0,2,2,2,1540,0,1.5,6
"1389",1389,215000,0.49,0,28,24900,0,0,2,2,3,1196,1,2,7
"1390",1390,253000,0.45,0,16,25000,0,0,2,2,2,1780,1,1.5,9
"1391",1391,304065,0.34,0,1,108900,1,0,2,2,3,2670,1,3,8
"1392",1392,222000,0.34,0,26,27000,0,0,2,2,3,1581,1,1.5,5
"1393",1393,165000,0.15,0,18,15100,0,0,3,4,3,1592,0,1.5,7
"1394",1394,275000,0.37,0,14,31200,0,1,2,2,2,2011,1,2.5,8
"1395",1395,325000,0.27,1,105,56500,0,0,3,4,3,1391,1,1,4
"1396",1396,406000,1.08,0,15,21100,0,1,2,2,2,2636,3,2.5,8
"1397",1397,230000,0.31,0,19,27000,0,0,3,4,3,1656,1,1.5,6
"1398",1398,125000,0.04,0,130,2400,0,0,2,2,3,1518,0,1,8
"1399",1399,148000,0.41,0,84,18200,0,0,4,2,3,1182,1,1.5,8
"1400",1400,279000,0.44,0,9,26000,0,1,2,2,3,1836,0,2.5,8
"1401",1401,250000,0.62,0,14,31600,0,1,2,2,2,1529,1,2,6
"1402",1402,314940,0.37,0,0,108900,1,0,2,2,3,2715,1,3,10
"1403",1403,165900,0.16,0,21,15100,0,0,3,4,3,1184,0,1.5,3
"1404",1404,150000,0.75,0,14,3700,0,0,4,2,2,1120,0,1.5,6
"1405",1405,133000,0.15,0,15,2500,0,0,2,2,3,1008,0,1,4
"1406",1406,155000,0.37,0,18,2500,0,0,3,4,2,1008,0,1,7
"1407",1407,220000,0.41,0,57,4800,0,0,4,2,2,2077,1,2,7
"1408",1408,229000,1.61,0,26,4500,0,0,3,4,2,1572,0,1.5,4
"1409",1409,177000,0.63,0,34,5000,0,0,4,3,2,1874,0,1.5,9
"1410",1410,120000,0.11,0,50,1300,0,0,2,2,3,768,0,1,6
"1411",1411,195000,0.29,0,3,3800,0,0,2,2,2,1552,1,2.5,5
"1412",1412,315371,1,0,1,3400,0,0,2,2,2,2331,1,2.5,8
"1413",1413,137000,0.36,0,48,3600,0,0,2,2,2,960,0,1,3
"1414",1414,225700,0.36,0,19,13000,0,0,3,4,3,1720,0,1.5,9
"1415",1415,204900,0.34,0,20,13000,0,0,3,4,3,1437,0,1.5,8
"1416",1416,189500,0.34,0,19,13000,0,1,4,2,3,1510,0,2,8
"1417",1417,374000,0.72,0,21,26000,0,0,3,4,3,3021,1,2.5,11
"1418",1418,319000,0.35,0,12,13000,0,0,2,3,2,1960,0,2.5,8
"1419",1419,294100,0.39,0,11,13000,0,0,2,3,2,2112,1,2.5,10
"1420",1420,440760,0.38,0,0,13000,0,1,2,2,2,2917,1,3,10
"1421",1421,128000,0.16,0,21,15700,0,0,3,4,3,912,1,1.5,4
"1422",1422,239505,0.37,0,1,108900,1,0,2,2,3,2244,1,2.5,10
"1423",1423,141700,0.15,0,18,15100,0,0,3,4,3,1202,0,1.5,4
"1424",1424,215500,0.34,0,19,27000,0,1,2,2,3,2601,1,2.5,10
"1425",1425,320210,0.81,0,1,108900,1,0,2,2,3,2492,1,2.5,9
"1426",1426,273495,0.3,0,1,108900,1,0,2,2,3,2680,0,2.5,11
"1427",1427,256350,0.35,0,1,108900,1,0,2,2,3,2271,1,2.5,6
"1428",1428,255000,0.33,0,17,27000,0,0,3,4,3,2012,1,3,6
"1429",1429,124000,0.09,0,13,6700,0,0,3,4,3,920,0,1,8
"1430",1430,293000,1.94,0,5,110000,0,1,2,2,2,2111,1,2,9
"1431",1431,147000,0.15,0,20,15100,0,0,2,3,3,1184,1,2,4
"1432",1432,284595,0.32,0,1,108900,1,0,2,2,3,2627,1,3,10
"1433",1433,342269,0.39,0,1,108900,1,0,2,2,3,2641,1,3,9
"1434",1434,229000,0.51,0,25,25000,0,0,2,3,3,1736,1,1.5,8
"1435",1435,216900,0.31,0,19,27000,0,0,3,4,3,1656,1,1.5,7
"1436",1436,164900,0.15,0,22,15100,0,0,3,4,3,1168,1,1.5,6
"1437",1437,149000,0.15,0,18,15100,0,0,2,2,3,1385,1,1.5,3
"1438",1438,150000,0.18,0,85,3600,0,0,4,2,2,969,0,1,4
"1439",1439,214990,0.32,0,17,27000,0,0,2,3,3,1508,1,1.5,6
"1440",1440,173000,0.14,0,26,15100,0,1,2,2,3,1602,1,1.5,7
"1441",1441,149900,0.17,0,19,15800,0,0,3,4,3,912,1,1.5,4
"1442",1442,155000,0.15,0,18,15100,0,0,3,4,3,1128,0,1.5,3
"1443",1443,170000,0.16,0,18,15100,0,0,3,4,3,1514,1,1.5,5
"1444",1444,237500,0.37,0,19,27000,0,0,3,3,3,1535,0,2,5
"1445",1445,297065,0.45,0,1,108900,1,0,2,2,3,2722,0,3,9
"1446",1446,342202,0.44,0,1,108900,1,1,2,2,3,2711,1,2.5,9
"1447",1447,345264,0.88,0,1,108900,1,1,2,2,3,3020,1,3,11
"1448",1448,325046,0.5,0,1,108900,1,0,2,2,3,2712,0,2.5,10
"1449",1449,367000,1,0,19,21400,0,1,3,4,2,2556,1,2.5,8
"1450",1450,159900,0.17,0,21,15200,0,0,3,4,3,1184,0,2,4
"1451",1451,145000,0.16,0,21,15700,0,0,2,2,3,912,1,1.5,3
"1452",1452,272500,0.32,0,18,27000,0,1,2,2,3,2212,1,2.5,10
"1453",1453,163255,0.09,0,25,15100,0,1,2,2,3,1602,1,1.5,3
"1454",1454,319000,0.47,0,1,108900,1,0,2,2,3,3285,1,3,12
"1455",1455,160600,0.15,0,20,15100,0,0,3,4,3,1406,0,1.5,3
"1456",1456,246000,0.34,0,20,27000,0,1,2,2,3,1472,1,2,6
"1457",1457,153000,0.17,0,57,10200,0,0,4,2,3,1072,0,1,6
"1458",1458,295000,0.48,0,15,30000,0,0,2,2,2,2504,1,2.5,10
"1459",1459,159000,0.16,0,18,15100,0,0,3,4,3,1184,0,1.5,3
"1460",1460,148400,0.15,0,20,15700,0,0,3,4,3,912,1,1.5,5
"1461",1461,311000,0.54,0,10,30000,0,1,2,2,3,2120,0,2.5,7
"1462",1462,314000,0.53,0,1,108900,1,0,2,2,3,3344,1,3.5,11
"1463",1463,250000,0.4,0,25,27000,0,1,3,2,3,2243,1,2.5,6
"1464",1464,149000,0.16,0,21,15700,0,0,3,4,3,908,0,1,3
"1465",1465,307890,0.55,0,1,108900,1,0,2,2,3,2714,0,3,12
"1466",1466,223000,0.33,0,18,27000,0,0,3,4,3,1360,1,1.5,8
"1467",1467,219000,0.47,0,27,24600,0,0,3,4,3,1719,1,1.5,5
"1468",1468,178000,0.48,0,28,24800,0,0,3,4,3,1404,1,1.5,6
"1469",1469,295925,0.56,0,0,108900,1,0,2,2,3,2134,1,2.5,9
"1470",1470,141160,0.17,0,20,15800,0,0,3,4,3,912,0,1.5,6
"1471",1471,229900,0.34,0,9,30000,0,1,3,4,3,1423,1,1.5,8
"1472",1472,254900,0.33,0,10,30000,0,0,2,2,3,2044,0,2,5
"1473",1473,126000,0.85,0,28,3900,0,0,4,2,2,896,0,1,4
"1474",1474,176500,0.37,0,55,4600,0,1,4,3,2,1380,1,1.5,6
"1475",1475,161800,0.34,0,41,3500,0,0,2,2,2,960,0,1,7
"1476",1476,112200,0.14,0,44,2400,0,0,2,2,3,840,0,1,4
"1477",1477,154500,0.54,0,35,5700,0,0,2,3,2,1820,0,1.5,8
"1478",1478,300000,0.92,0,19,5000,0,1,4,2,2,2144,1,2.5,8
"1479",1479,206000,0.1,0,17,5100,0,0,2,2,2,1610,0,2,8
"1480",1480,257000,0.75,0,6,1700,0,0,2,2,2,1752,0,2.5,7
"1481",1481,182000,0.38,0,36,3300,0,0,2,3,2,1729,1,1.5,8
"1482",1482,161000,0.59,0,37,4400,0,0,2,2,2,1056,0,1,6
"1483",1483,176000,0.42,0,21,12250,0,0,3,4,3,1292,0,1.5,6
"1484",1484,177160,0.41,0,35,7200,0,0,4,2,3,832,0,1,8
"1485",1485,355063,0.36,0,0,13000,1,1,2,2,2,2256,1,2.5,8
"1486",1486,213000,0.48,0,20,10000,0,0,3,4,3,1274,1,2,4
"1487",1487,266500,0.52,0,18,13000,0,0,3,4,3,1608,0,2.5,4
"1488",1488,285000,0.36,0,13,13000,0,0,2,3,2,1868,1,2.5,9
"1489",1489,178900,0.35,0,21,36500,0,0,3,4,3,1554,0,1,4
"1490",1490,300000,0.56,0,34,30800,0,0,2,3,3,3604,1,3.5,12
"1491",1491,211000,0.49,0,41,28600,0,1,2,3,3,1887,1,2.5,8
"1492",1492,451000,2,0,52,84000,0,1,4,2,3,1326,0,1,7
"1493",1493,201400,0.49,0,30,28600,0,0,2,3,3,1876,1,2.5,6
"1494",1494,195900,0.4,0,34,30000,0,0,2,2,3,1672,1,0,5
"1495",1495,190000,0.57,0,35,34900,0,1,2,2,3,2064,1,2.5,6
"1496",1496,150000,0.21,0,19,19100,0,0,3,4,3,1138,1,1,4
"1497",1497,206000,1,0,19,36000,0,1,2,2,2,1814,1,1.5,7
"1498",1498,285000,0.32,0,28,35000,0,1,3,4,3,2380,1,1.5,10
"1499",1499,120000,0.2,0,24,14000,0,0,3,4,3,976,0,2,3
"1500",1500,377500,1,0,21,116300,0,1,2,2,3,2886,2,2.5,9
"1501",1501,340000,0.55,0,8,19300,0,0,2,2,3,2483,1,2.5,10
"1502",1502,240000,0.45,0,35,32300,0,0,2,2,3,1846,1,1.5,6
"1503",1503,295000,0.49,0,17,36900,0,1,2,2,3,2592,1,2.5,12
"1504",1504,215000,0.63,0,21,39100,0,1,3,4,3,1792,0,1.5,9
"1505",1505,275000,0.47,0,35,27800,0,0,2,3,3,2588,1,2.5,10
"1506",1506,189000,0.81,0,53,21600,0,0,2,3,2,1210,0,1,7
"1507",1507,156000,0.09,0,26,17600,0,1,2,2,3,1290,1,1.5,3
"1508",1508,410000,0.79,0,11,86900,0,0,2,2,2,2444,1,3,11
"1509",1509,264500,0.46,0,34,27400,0,0,2,3,3,2376,2,2.5,9
"1510",1510,145500,0.09,0,20,17600,0,0,2,2,3,1480,0,1.5,4
"1511",1511,116500,0.08,0,22,17200,0,1,2,2,3,1375,0,1.5,4
"1512",1512,264500,0.44,0,40,26600,0,0,2,3,3,2676,1,2.5,11
"1513",1513,215000,0.3,0,32,24500,0,0,2,2,3,1778,1,1.5,6
"1514",1514,263000,0.6,0,28,28800,0,0,2,3,3,2570,1,2.5,12
"1515",1515,243000,0.57,0,9,34900,0,0,2,2,3,1272,0,1.5,6
"1516",1516,203000,0.29,0,30,23900,0,1,2,2,3,1852,1,1.5,6
"1517",1517,335000,0.61,0,10,34700,0,1,2,2,2,2298,1,2.5,9
"1518",1518,385000,0.5,0,7,17500,0,1,2,2,3,2259,1,2.5,9
"1519",1519,210000,0.59,0,38,31700,0,0,2,3,3,2426,1,2.5,7
"1520",1520,154000,0.14,0,20,18400,0,0,2,3,3,1480,1,1.5,5
"1521",1521,155000,0.17,0,20,18700,0,1,2,2,3,1244,0,2,6
"1522",1522,165000,0.17,0,22,18700,0,0,2,2,3,1479,0,1.5,4
"1523",1523,300000,0.7,0,15,40000,0,0,2,2,3,2358,0,2.5,7
"1524",1524,240000,0.46,0,33,32700,0,1,2,2,3,1453,1,2,9
"1525",1525,182000,0.35,0,40,27800,0,1,2,2,3,2080,1,1.5,10
"1526",1526,194000,6.15,0,64,73500,0,0,4,3,2,1960,1,1.5,9
"1527",1527,410000,0.44,0,3,13200,0,1,2,2,3,2600,1,2.5,10
"1528",1528,280000,0.85,0,18,40800,0,1,2,2,3,1897,1,2.5,7
"1529",1529,235000,0.47,0,37,27800,0,0,2,3,3,1872,1,2.5,9
"1530",1530,185000,0.06,0,27,16400,0,1,2,2,3,1260,1,1.5,6
"1531",1531,167000,0.21,0,21,14700,0,1,2,2,3,1228,1,1.5,5
"1532",1532,206500,0.5,0,35,34500,0,1,2,2,3,1956,0,2,7
"1533",1533,165000,0.05,0,19,16000,0,1,2,2,3,1480,0,2.5,6
"1534",1534,230000,0.35,0,42,27800,0,1,2,2,2,1793,1,1.5,9
"1535",1535,235000,0.73,0,34,35700,0,0,2,2,3,2078,1,1.5,6
"1536",1536,200500,0.69,0,26,27900,0,1,2,2,2,1666,1,1.5,4
"1537",1537,310000,0.46,0,21,27400,0,0,2,3,3,2378,1,2.5,9
"1538",1538,169900,0.06,0,27,16400,0,1,2,2,3,1452,1,1.5,5
"1539",1539,210500,0.28,0,22,32000,0,0,3,4,3,1792,1,1.5,5
"1540",1540,305000,0.92,0,16,35900,0,0,4,3,2,2290,1,2,7
"1541",1541,508000,0.17,0,1,116700,0,0,2,2,3,3511,1,2.5,12
"1542",1542,220000,0.41,0,39,30500,0,0,2,2,3,1922,0,1.5,9
"1543",1543,256000,0.5,0,20,29000,0,0,2,3,3,2263,1,2.5,11
"1544",1544,196900,0.41,0,35,30500,0,1,2,2,3,1672,0,1.5,6
"1545",1545,233000,0.26,0,30,21900,0,1,2,2,3,1902,1,1.5,5
"1546",1546,140000,0.06,0,20,16400,0,1,2,2,3,1479,1,1.5,7
"1547",1547,162900,0.12,0,20,18200,0,0,3,4,3,1314,1,1.5,5
"1548",1548,178000,0.17,0,18,18700,0,1,3,4,3,1302,0,1.5,4
"1549",1549,265000,0.67,0,40,34100,0,0,2,3,3,2310,1,2.5,10
"1550",1550,454900,0.66,0,9,75800,0,0,2,2,3,2880,1,2.5,11
"1551",1551,215000,5.65,0,53,69400,0,1,4,2,3,1948,1,1.5,5
"1552",1552,248000,0.67,0,16,39600,0,1,2,2,3,1613,1,1.5,8
"1553",1553,395000,0.7,0,16,35000,0,1,2,3,3,2803,1,3,10
"1554",1554,171500,0.07,0,20,16800,0,1,3,4,3,1479,1,1.5,4
"1555",1555,268000,0.48,0,27,62000,0,1,2,2,3,2147,1,2.5,10
"1556",1556,166500,0.06,0,20,16400,0,1,3,4,3,1314,1,1.5,4
"1557",1557,355000,0.43,0,7,39000,0,1,2,2,3,2330,1,2.5,7
"1558",1558,165000,0.93,0,13,38300,0,0,2,2,2,1352,0,1,8
"1559",1559,300000,0.08,0,34,37300,0,0,2,3,3,2276,1,2.5,10
"1560",1560,350000,0.5,0,18,63500,0,1,2,2,3,2162,1,2.5,9
"1561",1561,279900,0.49,0,19,62800,0,1,2,2,3,2091,1,2.5,8
"1562",1562,265000,0.65,0,37,33500,0,0,2,3,3,2564,1,2.5,8
"1563",1563,267000,0.31,0,33,25100,0,0,2,2,3,2050,0,1.5,9
"1564",1564,235000,0.76,0,38,35300,0,0,2,3,3,1768,0,2,5
"1565",1565,299900,0.46,0,18,60500,0,1,2,2,3,2497,1,2.5,9
"1566",1566,167000,0.07,0,26,16800,0,1,2,2,3,1290,1,1.5,7
"1567",1567,168000,0.4,0,149,28000,0,0,4,2,2,1776,0,2,8
"1568",1568,150000,0.07,0,21,16800,0,0,3,4,3,1480,0,1.5,6
"1569",1569,255000,0.41,0,21,25400,0,1,2,2,3,1910,0,2.5,6
"1570",1570,455000,4.2,0,29,70500,0,1,3,4,2,2828,1,2.5,10
"1571",1571,351100,0.46,0,3,16100,0,0,2,2,3,2535,1,2.5,10
"1572",1572,315000,0.46,0,36,27400,0,0,2,3,3,2576,1,2.5,12
"1573",1573,220000,0.4,0,21,28000,0,0,2,2,3,1500,0,1.5,7
"1574",1574,159000,0.14,0,20,18400,0,0,3,4,3,1480,0,1.5,8
"1575",1575,341000,0.57,0,16,68800,0,1,2,2,3,2250,1,2.5,8
"1576",1576,276000,0.47,0,19,36600,0,1,2,2,3,1831,1,2,5
"1577",1577,309000,0.49,0,19,62800,0,1,2,2,3,2214,1,2.5,10
"1578",1578,217021,0.46,0,31,32700,0,0,2,3,2,1846,0,1.5,7
"1579",1579,188500,0.05,0,19,16000,0,1,2,2,3,1302,0,1.5,6
"1580",1580,320000,0.55,0,33,50300,0,1,2,2,3,2212,1,2.5,9
"1581",1581,247000,0.34,0,40,39000,0,0,2,2,3,1783,1,2.5,10
"1582",1582,166000,0.1,0,21,18000,0,0,3,4,3,1480,1,1.5,7
"1583",1583,236000,0.15,0,37,38800,0,0,4,3,2,1794,0,2,6
"1584",1584,233900,0.3,0,32,24500,0,1,2,2,3,1918,1,1.5,6
"1585",1585,162740,0.07,0,21,16800,0,0,2,2,3,1480,1,1.5,8
"1586",1586,225000,0.45,0,35,32300,0,0,2,2,3,1756,1,1.5,7
"1587",1587,360000,0.91,0,17,77200,0,1,2,3,3,2499,1,3,7
"1588",1588,281520,0.56,0,34,30800,0,1,2,3,3,2310,1,3,8
"1589",1589,365000,0.56,0,0,37900,0,0,2,2,3,2950,1,2.5,12
"1590",1590,315000,0.6,0,20,71000,0,1,2,2,3,2702,3,2.5,10
"1591",1591,297900,0.3,0,15,34000,0,1,2,2,3,2288,1,2.5,8
"1592",1592,270000,0.42,0,35,30900,0,1,2,2,3,1838,0,1.5,7
"1593",1593,260000,0.42,0,27,25800,0,0,2,3,3,2310,1,2.5,10
"1594",1594,72000,0.33,0,85,24600,0,0,3,4,2,1152,0,1,6
"1595",1595,229500,0.34,0,22,22600,0,0,2,2,3,1577,0,2,8
"1596",1596,275000,0.54,0,19,30200,0,0,2,3,3,2175,1,2.5,10
"1597",1597,155000,0.29,0,23,19500,0,0,2,2,3,1375,0,1.5,4
"1598",1598,225570,0.37,0,27,23800,0,0,2,3,3,1616,1,3,8
"1599",1599,224000,0.54,0,38,34700,0,0,2,2,3,1954,1,2,10
"1600",1600,290000,0.61,0,34,32300,0,0,2,3,3,2728,1,2.5,10
"1601",1601,262000,0.64,0,35,33200,0,0,2,3,3,2553,1,2.5,9
"1602",1602,319900,0.34,0,3,11900,0,0,2,2,3,1963,1,2.5,8
"1603",1603,265000,0.45,0,43,27000,0,0,2,3,3,2564,1,2.5,11
"1604",1604,255000,0.33,0,19,35500,0,1,2,4,3,1792,1,1.5,7
"1605",1605,217300,0.35,0,40,27800,0,0,2,3,3,1663,1,1,8
"1606",1606,291000,0.49,0,6,17200,0,1,2,2,3,2070,1,2.5,6
"1607",1607,319000,0.46,0,26,48000,0,1,4,2,3,2588,1,2.5,12
"1608",1608,271500,0.54,0,35,30200,0,0,2,3,3,2276,1,2.5,9
"1609",1609,224900,0.48,0,45,28200,0,0,2,2,3,1732,0,2,7
"1610",1610,260000,0.63,0,39,32900,0,0,2,3,3,2310,1,2.5,9
"1611",1611,199900,0.63,0,38,22100,0,1,2,3,2,1742,1,1,10
"1612",1612,252659,0.41,0,36,25400,0,0,2,3,3,2802,1,2.5,8
"1613",1613,312500,0.46,0,16,36400,0,1,2,2,3,1902,1,2.5,6
"1614",1614,290000,0.46,0,22,48000,0,1,2,2,3,2030,1,2.5,10
"1615",1615,155000,0.57,0,59,29900,0,0,2,2,3,1498,1,1,7
"1616",1616,355000,0.55,0,20,67300,0,1,2,2,3,2116,1,2.5,10
"1617",1617,190000,0.83,0,37,35700,0,0,2,3,3,2108,1,2.5,10
"1618",1618,130000,0.06,0,16,1600,0,1,2,2,3,1480,1,2.5,4
"1619",1619,264000,0.21,0,1,32000,1,0,2,2,3,2427,0,2.5,9
"1620",1620,193980,0.31,0,12,10400,0,0,2,2,3,1348,0,2,5
"1621",1621,219900,0.25,0,13,9000,0,0,2,2,3,1391,0,2,8
"1622",1622,469900,1.4,0,2,74800,1,1,2,2,3,3422,1,4,12
"1623",1623,314230,0.51,0,1,74800,1,1,2,2,3,2686,1,3,10
"1624",1624,138900,0.15,0,14,5400,0,1,2,3,3,1034,0,1.5,3
"1625",1625,160000,0.29,0,14,9700,0,1,2,2,3,1072,0,1,7
"1626",1626,228000,0.25,0,12,15200,0,0,2,2,3,1512,0,2,8
"1627",1627,224400,5,0,17,24100,0,0,3,4,2,1008,0,1,5
"1628",1628,132870,0.06,0,17,1600,0,0,2,3,3,1480,1,1.5,5
"1629",1629,135600,0.51,0,34,16600,0,0,2,2,2,912,0,1,4
"1630",1630,150600,0.07,0,17,1800,0,1,2,3,3,1480,1,1.5,7
"1631",1631,335000,1.25,0,16,11900,0,0,3,4,2,1558,1,2,7
"1632",1632,316250,0.04,0,0,74800,1,0,2,2,3,2648,1,2.5,11
"1633",1633,181280,0.39,0,26,9800,0,0,2,2,2,2248,0,1,10
"1634",1634,158000,0.73,0,85,16400,0,0,4,2,2,1461,0,1,6
"1635",1635,221000,0.23,0,11,7700,0,0,2,2,3,1470,1,2.5,8
"1636",1636,230000,0.5,0,8,4000,0,0,2,2,3,1900,0,1.5,6
"1637",1637,299000,0.1,0,8,13000,0,1,2,2,3,2054,0,2.5,6
"1638",1638,148000,0.07,0,16,1800,0,0,2,2,3,1480,1,2.5,4
"1639",1639,267500,0.24,0,14,8600,0,0,2,2,3,1822,0,2,9
"1640",1640,259000,0.01,0,12,17900,0,0,2,2,3,1620,1,2.5,5
"1641",1641,321000,0.1,0,14,21000,0,1,2,2,3,2120,0,2.5,8
"1642",1642,409790,0.27,0,1,74800,1,0,2,2,3,3009,1,3.5,12
"1643",1643,184000,0.45,0,35,9000,0,0,2,2,2,1791,0,1,10
"1644",1644,145000,0.07,0,16,1800,0,1,3,2,3,1480,1,2.5,3
"1645",1645,310000,1.75,0,14,20600,0,0,3,4,2,1300,0,2,4
"1646",1646,170000,0.07,0,16,1800,0,0,2,2,3,1480,1,1.5,5
"1647",1647,210500,0.02,0,15,9700,0,0,2,2,3,1876,0,2,6
"1648",1648,199900,0.24,0,13,8000,0,0,2,2,3,1564,0,2,5
"1649",1649,150000,0.28,0,70,9800,0,0,2,3,3,1248,0,1.5,4
"1650",1650,153000,0.11,0,16,2900,0,0,2,2,3,1480,0,2.5,4
"1651",1651,334000,0.55,0,12,19300,0,0,2,2,3,2281,1,2.5,7
"1652",1652,216900,0.4,0,38,8000,0,1,2,2,2,2395,1,1.5,6
"1653",1653,259000,0.05,0,15,16800,0,0,2,2,3,1915,1,2.5,10
"1654",1654,240000,0.3,0,12,10800,0,0,2,2,3,1400,2,1.5,4
"1655",1655,186030,0.37,0,38,9300,0,1,2,2,2,1104,0,1,9
"1656",1656,203000,0.43,0,14,13500,0,1,2,2,3,1796,1,2.5,8
"1657",1657,255000,0.13,0,15,13700,0,0,2,2,3,1512,0,1.5,6
"1658",1658,119000,0.09,0,95,3200,0,0,2,3,3,1646,0,1,5
"1659",1659,260800,0.5,0,5,4000,0,0,2,2,3,1868,1,2.5,7
"1660",1660,169000,0.19,0,15,6800,0,0,2,2,3,1301,0,1.5,4
"1661",1661,225000,0.95,0,15,11200,0,0,3,4,2,1652,0,2,7
"1662",1662,124000,0.35,0,33,8500,0,0,4,3,2,1056,0,1,7
"1663",1663,245000,0.51,0,22,15100,0,0,2,2,2,2312,0,1.5,10
"1664",1664,250000,0.48,0,15,19200,0,1,2,2,2,2072,0,2.5,5
"1665",1665,172000,0.46,0,20,7800,0,0,3,4,2,1200,0,1,6
"1666",1666,153500,0.48,0,33,12000,0,0,4,2,2,1764,1,1.5,7
"1667",1667,165000,0.02,0,17,20100,0,0,2,2,2,960,0,1,4
"1668",1668,159000,0.17,0,22,15800,0,0,2,2,3,988,0,2,4
"1669",1669,171500,0.17,0,19,15200,0,0,3,4,3,1514,0,1.5,7
"1670",1670,240000,0.51,0,13,26900,0,1,2,2,3,1320,0,2,7
"1671",1671,409550,0.69,0,1,83500,1,1,2,2,2,2719,1,2,9
"1672",1672,302000,0.61,0,11,41700,0,0,2,2,3,1796,1,2.5,6
"1673",1673,285000,0.38,0,4,53900,0,0,2,2,3,1709,1,2.5,5
"1674",1674,385900,0.4,0,1,233000,1,1,2,2,3,3008,1,2.5,11
"1675",1675,140595,0.42,0,71,18600,0,0,4,2,2,1350,0,1,5
"1676",1676,213000,0.47,0,20,20000,0,1,3,4,2,1200,0,1.5,7
"1677",1677,335000,0.47,0,3,53900,0,1,2,2,3,1857,1,2.5,6
"1678",1678,290000,0.66,0,15,31200,0,1,2,2,2,2305,1,2.5,11
"1679",1679,265000,0.49,0,1,15000,1,1,2,2,2,2184,1,2.5,10
"1680",1680,334000,0.32,0,116,16400,0,0,2,2,3,1668,0,2,7
"1681",1681,382406,0.44,0,1,108900,1,1,2,2,3,2712,1,2.5,12
"1682",1682,149300,0.16,0,20,15700,0,0,3,4,3,912,0,1.5,3
"1683",1683,212000,0.34,0,21,27000,0,0,3,4,3,1508,0,1.5,4
"1684",1684,195000,0.46,0,28,24500,0,0,3,4,3,1232,1,1,6
"1685",1685,245000,0.36,0,106,35900,0,0,2,2,3,1836,1,1.5,6
"1686",1686,422680,0.16,0,176,46200,0,0,2,3,3,4486,1,4,12
"1687",1687,240000,4.21,0,38,70400,0,0,4,3,2,2204,2,2,8
"1688",1688,156000,0.16,0,19,15100,0,0,2,2,3,1184,0,2,7
"1689",1689,265000,0.49,0,1,15000,1,1,2,2,2,2184,1,2.5,8
"1690",1690,334000,0.32,0,116,16400,0,0,2,2,3,1668,0,2,5
"1691",1691,382406,0.44,0,1,108900,1,1,2,2,3,2712,1,2.5,11
"1692",1692,149300,0.16,0,20,15700,0,0,3,4,3,912,0,1.5,5
"1693",1693,212000,0.34,0,21,27000,0,0,3,4,3,1508,0,1.5,4
"1694",1694,195000,0.46,0,28,24500,0,0,3,4,3,1232,1,1,4
"1695",1695,171600,0.32,0,15,4650,0,0,3,4,3,960,0,1,4
"1696",1696,245000,0.36,0,106,35900,0,0,2,2,3,1836,1,1.5,8
"1697",1697,282000,0.87,0,12,56300,0,1,2,2,3,1836,1,1.5,6
"1698",1698,260000,0.34,0,42,27100,0,0,2,3,2,1803,0,1.5,6
"1699",1699,254500,0.17,0,9,20400,0,1,2,2,3,1463,1,2,8
"1700",1700,179900,0.07,0,27,16800,0,1,2,2,3,1290,1,1.5,7
"1701",1701,255000,0.53,0,38,29900,0,0,2,3,3,2310,1,2.5,10
"1702",1702,265000,0.43,0,40,26200,0,1,2,3,3,1664,1,2,4
"1703",1703,174000,0.06,0,21,16400,0,0,2,2,3,1479,0,1.5,8
"1704",1704,322000,0.26,0,7,9100,0,1,2,2,3,2483,1,2.5,8
"1705",1705,337000,0.46,0,4,60500,0,1,2,2,3,2480,1,2.5,10
"1706",1706,221450,0.36,0,121,33000,0,0,4,2,2,2699,1,1,12
"1707",1707,247000,0.3,0,28,34000,0,1,2,2,3,1676,1,2.5,8
"1708",1708,180000,0.54,0,38,30200,0,0,2,3,3,2816,1,2.5,10
"1709",1709,229900,0.37,0,26,23800,0,0,2,3,3,1966,0,1.5,7
"1710",1710,230000,0.54,0,39,34700,0,0,2,2,3,2112,1,1.5,9
"1711",1711,388000,0.77,0,9,74400,0,0,2,2,3,2762,1,2.5,12
"1712",1712,350000,0.66,0,23,72200,0,1,2,2,3,2184,1,2.5,9
"1713",1713,169700,0.07,0,22,16800,0,0,3,4,3,1480,0,1.5,7
"1714",1714,190000,0.53,0,39,34700,0,0,2,2,3,1624,0,1,4
"1715",1715,317500,0.54,0,19,30200,0,1,2,2,3,1650,1,2,4
"1716",1716,70000,1.34,0,34,36700,0,0,3,4,2,1313,0,1.5,3
"1717",1717,300000,0.65,0,19,33500,0,0,2,3,3,2600,1,2.5,11
"1718",1718,145400,0.13,0,22,18300,0,0,2,2,3,945,0,1,5
"1719",1719,183500,0.28,0,57,23200,0,0,4,2,2,1121,0,1.5,4
"1720",1720,275900,0.81,0,0,7300,1,0,2,2,3,2288,1,2.5,8
"1721",1721,436023,0.41,0,5,43400,0,1,2,2,3,2718,1,2.5,12
"1722",1722,319900,0.58,0,42,31400,0,0,2,3,3,2464,1,2.5,8
"1723",1723,249000,0.43,0,41,45800,0,0,2,3,3,2426,2,2,7
"1724",1724,289000,0.38,0,32,24200,0,0,2,3,3,2310,1,2.5,11
"1725",1725,285000,0.94,0,37,36200,0,0,2,3,3,2564,1,2.5,11
"1726",1726,194900,0.39,0,9,20400,0,0,2,2,3,1099,0,1,3
"1727",1727,125000,0.24,0,48,16800,0,0,2,2,3,1225,1,1,7
"1728",1728,111300,0.59,0,86,26000,0,0,2,2,2,1959,0,1,6
